{
  "id": "giyLRxsCQJ2IL0ZF8dXrLg",
  "speakerName": "Borko",
  "title": "Data Architecture",
  "class": "#F7B2A6",
  "description": "This session is about Data Architecture",
  "saved": "false",
  "updatedAt": 3939393,
  "workshopId": "FY19-NA-LA-Techology",
  "requirements": {
    "name": "None"
  },
  "socialDetails": {
    "favoritesEndpoint": "favorites endpoints",
    "shareEndpoint": "URL to share point"
  },
  "sessions": [
    {
      "sessionid": "session-giyLRxsCQJ2IL0ZF8dXrLg-1",
      "date": 1539200100000,
      "createdAt": 123124,
      "rooms": "BO2",
      "title": "Edge Analytics On Realtime Streaming at Haliburton",
      "speakerDetails": [
        {
          "speakerImage": "https://people.accenture.com/misc/PhotoProvider.ashx?pk=1381499&dt=&dt=1537975509390",
          "sessions": 1,
          "speakerName": "Ram Seetepalli",
          "speakerBio": "Ram Seetepalli is a Digital Business Integration Sr Manager.He works with Accenture Digital /Digital Delivery /Digital Area Delivery NA /Digital Delivery Applied Intelligence/Big Data",
          "speakerTitle": "Digital Business Integration Sr Manager, Houston, USA"
        }
      ],
      "rate": 4,
      "numVoted": 1,
      "saved": "false",
      "updatedAt": 123124
    }
  ]
}