[
    {
      "schoolid": "SCH1", 
      "classname": "JSS 1A",
      "teacher": "Mrs Grace Fehintola",
      "numofstudents": "32",
      "disp": "activ"
    },
    {
      "schoolid": "SCH1", 
      "classname": "JSS 1B",
      "teacher": "Mr Kayode Medubi",
      "numofstudents": "45",
      "disp": ""
    },
    {
      "schoolid": "SCH1", 
      "classname": "JSS 1C",
      "teacher": "Mrs Adebimpe Balogun",
      "numofstudents": "30",
      "disp": ""
    },
    {
      "schoolid": "SCH1", 
      "classname": "JSS 2A",
      "teacher": "Mr Charles Ake",
      "numofstudents": "39",
      "disp": ""
    },
    {
      "schoolid": "SCH1", 
      "classname": "JSS 2B",
      "teacher": "Mrs Esther Agboola",
      "numofstudents": "28",
      "disp": ""
    },
    {
      "schoolid": "SCH1", 
      "classname": "JSS 2C",
      "teacher": "Mrs Chinaza Udeh",
      "numofstudents": "34",
      "disp": ""
    },
    {
      "schoolid": "SCH1", 
      "classname": "JSS 3A",
      "teacher": "Mrs Ahmed Mohhammad",
      "numofstudents": "29",
      "disp": ""
    },
    {
      "schoolid": "SCH1", 
      "classname": "JSS 3B",
      "teacher": "Mrs Blessing Anyanwu",
      "numofstudents": "33",
      "disp": ""
    },
    {
      "schoolid": "SCH1", 
      "classname": "JSS 3C",
      "teacher": "Mr Emeka Njoku",
      "numofstudents": "39",
      "disp": ""
    },
    {
      "schoolid": "SCH1", 
      "classname": "SSS 1A",
      "teacher": "Mr Paul Ojo",
      "numofstudents": "50",
      "disp": ""
    },
    {
      "schoolid": "SCH1", 
      "classname": "SSS 1B",
      "teacher": "Mrs Peace Oloware",
      "numofstudents": "45",
      "disp": ""
    },
    {
      "schoolid": "SCH1", 
      "classname": "SSS 1C",
      "teacher": "Mr Ekudayo Fadare",
      "numofstudents": "48",
      "disp": ""
    },
    {
      "schoolid": "SCH1", 
      "classname": "SSS 2A",
      "teacher": "Mrs Folashade Adeosun",
      "numofstudents": "49",
      "disp": ""
    },
    {
      "schoolid": "SCH1", 
      "classname": "SSS 2B",
      "teacher": "Mrs Faith Udogwu", 
      "numofstudents": "39",
      "disp": ""
    },
    {
      "schoolid": "SCH1", 
      "classname": "SSS 2C",
      "teacher": "Mrs Adeola Olarewaju",
      "numofstudents": "41",
      "disp": ""
    },
    {
      "schoolid": "SCH1", 
      "classname": "SSS 3A",
      "teacher": "Mrs Felicia Oyerinde",
      "numofstudents": "53",
      "disp": ""
    },
    {
      "schoolid": "SCH1", 
      "classname": "SSS 3B",
      "teacher": "Mrs Olabunmi Oyedepo",
      "numofstudents": "49",
      "disp": ""
    },
    {
      "schoolid": "SCH1", 
      "classname": "SSS 3C",
      "teacher": "Mrs Adetoun Adenuga",
      "numofstudents": "55",
      "disp": ""
    }
  ]