[
  {
    "schoolid": "SCH1", 
    "ischeck": false,
    "firstname": "Daniel",
    "middlename": "O",
    "lastname": "David",
    "gender": "M",
    "status": "Active",
    "employmentdate": "07/07/2013",
    "position": "Teacher",
    "dob": "07/03/1990",
    "terminationdate": "",
    "homeaddress": "4 Adetoro Famuyi street, Sokoto",
    "parents": "Mr and Mrs David",
    "state": "Sokoto",
    "classassigned": "JSS 2A",
    "email": "danieloye@yahoo.com",
    "phone": "09023108749",
    "salary": "65000",
    "notes": "he is a long serving teacher and has been teaching for over 6 years",
    "qualification": "OND Holder"
  },
  {
    "schoolid": "SCH1", 
    "ischeck": false,
    "firstname": "Oni",
    "middlename": "A",
    "lastname": "Olayinka",
    "gender": "M",
    "status": "Active",
    "employmentdate": "01/11/2017",
    "position": "Principal",
    "dob": "27/04/1986",
    "terminationdate": "",
    "homeaddress": "40 Gidan Kopa Badariya street, Birnin Kebbi",
    "parents": "Mr and Mrs Olayinka",
    "state": "Kebbi",
    "classassigned": "SSS 1",
    "email": "olayinka1986@gmail.com",
    "phone": "08145670227",
    "salary": "75000",
    "notes": "he is been a staff of the school since establishment",
    "qualification": "Degree Holder"
  },
  {
    "schoolid": "SCH1", 
    "ischeck": false,
    "firstname": "Fathia",
    "middlename": "S",
    "lastname": "Balogun",
    "gender": "F",
    "status": "Active",
    "employmentdate": "01/11/2003",
    "position": "Teacher",
    "dob": "30/03/1988",
    "terminationdate": "",
    "homeaddress": "12 Wereke road, Binincity",
    "parents": "Mr and Mrs Balogun",
    "state": "Edo",
    "classassigned": "JSS 3",
    "email": "fathiab@gmail.com",
    "phone": "09045220682",
    "salary": "45000",
    "notes": "she won the district teacher of the year 2015",
    "qualification": "OND Holder"
  },
  {
    "schoolid": "SCH1", 
    "ischeck": false,
    "firstname": "Opeyemi",
    "middlename": "M",
    "lastname": "Olaiya",
    "gender": "F",
    "status": "Active",
    "employmentdate": "21/07/2010",
    "position": "Teacher",
    "dob": "19/04/1980",
    "terminationdate": "",
    "homeaddress": "22 Onwame road, Benincity",
    "parents": "Mr and Mrs Olaiya",
    "state": "Sokoto",
    "classassigned": "SSS 2",
    "email": "olaiya23@yahoo.com",
    "phone": "08023406708",
    "salary": "40000",
    "notes": "he is very effective with 20 years teaching experience",
    "qualification": "OND Holder"
  },
  {
    "schoolid": "SCH1", 
    "ischeck": false,
    "firstname": "Omowunmi",
    "middlename": "L",
    "lastname": "Ojo",
    "gender": "F",
    "status": "Active",
    "employmentdate": "30/09/2011",
    "position": "Teacher",
    "dob": "15/06/1987",
    "terminationdate": "",
    "homeaddress": "34 Batakarawa road, Kaduna",
    "parents": "Mr and Mrs Ojo",
    "state": "Kaduna",
    "classassigned": "SSS 1",
    "email": "ojo4life@yahoo.com",
    "phone": "07054389017",
    "salary": "52000",
    "notes": "shes very friendly and loved by all students",
    "qualification": "HND Holder"
  },
  {
    "schoolid": "SCH1", 
    "ischeck": false,
    "firstname": "Alao",
    "middlename": "A",
    "lastname": "Adebayo",
    "gender": "M",
    "status": "Active",
    "employmentdate": "16/5/2015",
    "position": "Supervisor",
    "dob": "17/03/1990",
    "terminationdate": "",
    "homeaddress": "3 Onward estate Gbongan/Ibadan, Oshogbo",
    "parents": "Mr and Mrs Adebayo",
    "state": "Osun",
    "classassigned": "JSS 2",
    "email": "alaoadebayo@gmail.com",
    "phone": "09087570043",
    "salary": "33000",
    "notes": "he oversees all the school affairs",
    "qualification": "NCE Holder "
  },
  {
    "schoolid": "SCH1", 
    "ischeck": false,
    "firstname": "Ibukun",
    "middlename": "T",
    "lastname": "Oludiran",
    "gender": "F",
    "status": "Inactive",
    "employmentdate": "02/12/2007",
    "position": "Teacher",
    "dob": "22/04/1983",
    "terminationdate": "04/10/2016",
    "homeaddress": "9 Independence Layout, Enugu",
    "parents": "Mr and Mrs Oludiran",
    "state": "Enugu",
    "classassigned": "JSS 3",
    "email": "ibukun4real@yahoo.com",
    "phone": "08104367823",
    "salary": "45000",
    "notes": "she was sacked as a result of her incompetency",
    "qualification": "OND Holder"
  },
  {
    "schoolid": "SCH1", 
    "ischeck": false,
    "firstname": "Efe",
    "middlename": "F",
    "lastname": "Jeroh",
    "gender": "F",
    "status": "Active",
    "employmentdate": "07/7/2011",
    "position": "Vice Principal",
    "dob": "10/10/1993",
    "terminationdate": "",
    "homeaddress": "4 GRA road, Birnin Kebbi",
    "parents": "Mr and Mrs Jeroh",
    "state": "Kebbi",
    "classassigned": "",
    "email": "jerohefe@gmail.com",
    "phone": "08074329801",
    "salary": "90000",
    "notes": "she was promoted to the position of vice principal as a long serving teacher",
    "qualification": "NCE Holder"
  },
  {
    "schoolid": "SCH1", 
    "ischeck": false,
    "firstname": "Bisola",
    "middlename": "S",
    "lastname": "Olajide",
    "gender": "F",
    "status": "Active",
    "employmentdate": "03/12/2003",
    "position": "Teacher",
    "dob": "08/04/1986",
    "terminationdate": "",
    "homeaddress": "37 Summit road, Asaba",
    "parents": "Mr and Mrs Olajide",
    "state": "Delta",
    "classassigned": "SSS 3",
    "email": "realbisola@gmail.com",
    "phone": "07032610782",
    "salary": "42000",
    "notes": "she is a very committed and hardworking teacher",
    "qualification": "NCE Holder"
  },
  {
    "schoolid": "SCH1", 
    "ischeck": false,
    "firstname": "Sherifat",
    "middlename": "O",
    "lastname": "Ajayi",
    "gender": "F",
    "status": "Active",
    "employmentdate": "05/11/2001",
    "position": "Liberian",
    "dob": "10/03/1983",
    "terminationdate": "",
    "homeaddress": "23 Ring road, Benincity",
    "parents": "Mr and Mrs Ajayi",
    "state": "Edo",
    "classassigned": "",
    "email": "sherifatprincess@yahoo.com",
    "phone": "08125437881",
    "salary": "85000",
    "notes": "she has been the school's liberian since establishment",
    "qualification": "Degree Holder"
  },
  {
    "schoolid": "SCH1", 
    "ischeck": false,
    "firstname": "Rachel",
    "middlename": "G",
    "lastname": "Ayobami",
    "gender": "F",
    "status": "Active",
    "employmentdate": "04/04/2009",
    "position": "Vice Principal",
    "dob": "17/05/1974",
    "terminationdate": "",
    "homeaddress": "16 Church street, Umuahia",
    "parents": "Mr and Mrs Ayobami",
    "state": "Abia",
    "classassigned": "",
    "email": "greatayobami@yahoo.com",
    "phone": "09043210071",
    "salary": "89000",
    "notes": "She was awarded the Vice Principal of the school with the best WAEC result for the year 2004",
    "qualification": "NCE Degree"
  },
  {
    "schoolid": "SCH1", 
    "ischeck": false,
    "firstname": "Oluwaseun",
    "middlename": "A",
    "lastname": "Osho",
    "gender": "M",
    "status": "Inactive",
    "employmentdate": "23/01/2011",
    "position": "Laboratory Assitant",
    "dob": "06/05/1980",
    "terminationdate": "31/01/2017",
    "homeaddress": "13 Dankwaji road, Kaduna",
    "parents": "Mr and Mrs Osho",
    "state": "Kaduna",
    "classassigned": "SSS 3",
    "email": "oshooluwaseun",
    "phone": "08060321765",
    "salary": "45000",
    "notes": "He is very hard working and bears responsibility at all times",
    "qualification": "OND Holder"
  },
  {
    "schoolid": "SCH1", 
    "ischeck": false,
    "firstname": "Alfred",
    "middlename": "D",
    "lastname": "Ebiloma",
    "gender": "M",
    "status": "Active",
    "employmentdate": "20/03/2016",
    "position": "Security",
    "dob": "06/06/1993",
    "terminationdate": "",
    "homeaddress": "124 Murtala Muhammed way, Benincity",
    "parents": "Mr and Mrs Ebiloma",
    "state": "Sokoto",
    "classassigned": "",
    "email": "alfredebiloma@gmail.com",
    "phone": "09045621892",
    "salary": "25000",
    "notes": "A disciplinarian and very punctual",
    "qualification": "SSCE Holder"
  },
  {
    "schoolid": "SCH1", 
    "ischeck": false,
    "firstname": "Bukola",
    "middlename": "M",
    "lastname": "Adeyemi",
    "gender": "F",
    "status": "Active",
    "employmentdate": "21/12/2010",
    "position": "Admin Officer",
    "dob": "16/09/1980",
    "terminationdate": "",
    "homeaddress": "4 Adetoro Famuyi street, Sokoto",
    "parents": "Mr and Mrs Adeyemi",
    "state": "Sokoto",
    "classassigned": "",
    "email": "bukolaadeyemi@gmail.com",
    "phone": "07038710529",
    "salary": "45000",
    "notes": "She judiciously and carefully carries out her duties",
    "qualification": "HND Holder"
  },
  {
    "schoolid": "SCH1", 
    "ischeck": false,
    "firstname": "Busola",
    "middlename": "A",
    "lastname": "Adebowale",
    "gender": "F",
    "status": "Active",
    "employmentdate": "13/07/2014",
    "position": "Receptionist",
    "dob": "17/08/1992",
    "terminationdate": "",
    "homeaddress": "4 Adetoro Famuyi street, Sokoto",
    "parents": "Mr and Mrs Adebowale",
    "state": "Sokoto",
    "classassigned": "",
    "email": "busolababy@yahoo.com",
    "phone": "07019254769",
    "salary": "35000",
    "notes": "She is always punctual and neat",
    "qualification": "OND Holder"
  },
  {
    "schoolid": "SCH1", 
    "ischeck": false,
    "firstname": "Bamigbade",
    "middlename": "E",
    "lastname": "Adedayo",
    "gender": "M",
    "status": "Active",
    "employmentdate": "30/10/2013",
    "position": "Teacher",
    "dob": "01/03/1981",
    "terminationdate": "",
    "homeaddress": "17 Ileogbo street Ijesha-tedo, Surulere",
    "parents": "Mr and Mrs Adedayo",
    "state": "Lagos",
    "classassigned": "SSS 2",
    "email": "bigbamigbade@yahoo.com",
    "phone": "09057219134",
    "salary": "65000",
    "notes": "he is a very committed and hardworking teacher",
    "qualification": "Degree Holder"
  },
  {
    "schoolid": "SCH1", 
    "ischeck": false,
    "firstname": "Emmanuel",
    "middlename": "O",
    "lastname": "Popoola",
    "gender": "M",
    "status": "Active",
    "employmentdate": "08/08/2012",
    "position": "SSS 3",
    "dob": "19/04/1991",
    "terminationdate": "Teacher",
    "homeaddress": "123 Arochukwu road, Aba road",
    "parents": "Mr and Mrs Popoola",
    "state": "Abia",
    "classassigned": "SSS 1",
    "email": "popoolae@gmail,com",
    "phone": "08103457289",
    "salary": "50000",
    "notes": "He is morally effective and loved by all",
    "qualification": "NCE Holder"
  },
  {
    "schoolid": "SCH1", 
    "ischeck": false,
    "firstname": "Kemiye",
    "middlename": "C",
    "lastname": "Ikuloh",
    "gender": "F",
    "status": "Active",
    "employmentdate": "29/01/2001",
    "position": "Vice Principal",
    "dob": "07/03/2003",
    "terminationdate": "",
    "homeaddress": "16 Stadium road, Ilorin",
    "parents": "Mr and Mrs Ikuloh",
    "state": "Kwara",
    "classassigned": "",
    "email": "ikulohkemeye@yahoo.com",
    "phone": "08023417294",
    "salary": "76000",
    "notes": "She is a real mother with the love for students progress",
    "qualification": "HND Holder"
  },
  {
    "schoolid": "SCH1", 
    "ischeck": false,
    "firstname": "Dada",
    "middlename": "F",
    "lastname": "Opeyemi",
    "gender": "M",
    "status": "Active",
    "employmentdate": "06/04/2007",
    "position": "Teacher",
    "dob": "25/02/1973",
    "terminationdate": "",
    "homeaddress": "32 Airport road, Awka",
    "parents": "Mr and Mrs Opeyemi",
    "state": "Anambra",
    "classassigned": "JSS 2",
    "email": "opeyemi4jesus@yahoo.com",
    "phone": "07067109255",
    "salary": "48000",
    "notes": "He cares for all",
    "qualification": "NCE Holder"
  },
  {
    "schoolid": "SCH1", 
    "ischeck": false,
    "firstname": "Chiamaka",
    "middlename": "P",
    "lastname": "Udeh",
    "gender": "F",
    "status": "Active",
    "employmentdate": "13/07/2009",
    "position": "Principal",
    "dob": "13/06/1991",
    "terminationdate": "",
    "homeaddress": "39 Okania New road, Port Harcourt",
    "parents": "Mr and Mrs Udeh",
    "state": "Rivers",
    "classassigned": "",
    "email": "chibaby06@yahoo.com",
    "phone": "07084120072",
    "salary": "85000",
    "notes": "A very hard working woman with the fear of God",
    "qualification": "HND Holder"
  },
  {
    "schoolid": "SCH1", 
    "ischeck": false,
    "firstname": "Adams",
    "middlename": "Y",
    "lastname": "Olamilekan",
    "gender": "M",
    "status": "Inactive",
    "employmentdate": "17/11/2010",
    "position": "Teacher",
    "dob": "14/03/1990",
    "terminationdate": "09/10/2017",
    "homeaddress": "4 Onasanya street Itire, Surulere",
    "parents": "Mr and Mrs Olamilekan",
    "state": "Lagos",
    "classassigned": "SSS 3",
    "email": "adamsolamilekan@yahoo.com",
    "phone": "08123064879",
    "salary": "45000",
    "notes": "Practically went against the school rules and regulation",
    "qualification": "HND Holder"
  },
  {
    "schoolid": "SCH1", 
    "ischeck": false,
    "firstname": "Samuel",
    "middlename": "R",
    "lastname": "Arayedupin",
    "gender": "M",
    "status": "Active",
    "employmentdate": "29/11/2014",
    "position": "Teacher",
    "dob": "05/10/1991",
    "terminationdate": "",
    "homeaddress": "5 Agu Oko Titun Mende, Abeokuta North",
    "parents": "Mr and Mrs Arayedupin",
    "state": "Ogun",
    "classassigned": "JSS 1",
    "email": "ritaarayedupin@gmail.com",
    "phone": "09063410084",
    "salary": "52000",
    "notes": "He has been devoted and loyal since the onset of his employment",
    "qualification": "OND Holder"
  },
  {
    "schoolid": "SCH1", 
    "ischeck": false,
    "firstname": "Ridwan",
    "middlename": "O",
    "lastname": "Ayomide",
    "gender": "M",
    "status": "Active",
    "employmentdate": "07/27/2008",
    "position": "Teacher",
    "dob": "18/03/1984",
    "terminationdate": "",
    "homeaddress": "15 Adejunwo street Mende, Maryland",
    "parents": "Mr and Mrs Ayomide",
    "state": "Lagos",
    "classassigned": "SSS 2",
    "email": "yungboss@yahoo.com",
    "phone": "07082024517",
    "salary": "30000",
    "notes": "He protects the interest of the school",
    "qualification": "NCE Holder"
  },
  {
    "schoolid": "SCH1", 
    "ischeck": false,
    "firstname": "Imabong",
    "middlename": "C",
    "lastname": "Okon",
    "gender": "F",
    "status": "Active",
    "employmentdate": "22/8/2016",
    "position": "Vice Principal",
    "dob": "08/06/1989",
    "terminationdate": "",
    "homeaddress": "12 King Perekunle street GRA, Port Harcourt",
    "parents": "Mr and Mrs Okon",
    "state": "Rivers",
    "classassigned": "",
    "email": "charles1188@gmail.com",
    "phone": "07054231739",
    "salary": "95000",
    "notes": "She legally fights for the rights of the school",
    "qualification": "OND Holder"
  },
  {
    "schoolid": "SCH1", 
    "ischeck": false,
    "firstname": "Elson",
    "middlename": "L",
    "lastname": "Eguaosa",
    "gender": "M",
    "status": "Active",
    "employmentdate": "05/11/2005",
    "position": "Teacher",
    "dob": "17/01/1993",
    "terminationdate": "",
    "homeaddress": "5 Oba Alake road GRA, Abeokuta North",
    "parents": "Mr and Mrs Eguaosa",
    "state": "Ogun",
    "classassigned": "JSS 3",
    "email": "eguaosa43@gmail.com",
    "phone": "08033478901",
    "salary": "34000",
    "notes": "He is caring and loved by all students",
    "qualification": "NCE Holder"
  },
  {
    "schoolid": "SCH1", 
    "ischeck": false,
    "firstname": "Glory",
    "middlename": "I",
    "lastname": "Bassey",
    "gender": "F",
    "status": "Active",
    "employmentdate": "07/07/2011",
    "position": "Teacher",
    "dob": "02/10/`1991",
    "terminationdate": "",
    "homeaddress": "Plot 92 Federal Housing Estate, Amadi Ama",
    "parents": "Mr and Mrs Bassey",
    "state": "Rivers",
    "classassigned": "SSS 2",
    "email": "gloryima@yahoo.com",
    "phone": "09025783419",
    "salary": "90000",
    "notes": "She engages the students in sport activities as a result of her love for sport",
    "qualification": "Degree Holder"
  },
  {
    "schoolid": "SCH1", 
    "ischeck": false,
    "firstname": "Adebayo",
    "middlename": "O",
    "lastname": "Medubi",
    "gender": "M",
    "status": "Active",
    "employmentdate": "17/11/2016",
    "position": "Teacher",
    "dob": "27/10/1990",
    "terminationdate": "",
    "homeaddress": "324  Murtala Muhhamed way, Yaba",
    "parents": "Mr and Mrs Medubi",
    "state": "Lagos",
    "classassigned": "JSS 1",
    "email": "medubia@gmail.com",
    "phone": "08084321765",
    "salary": "45000",
    "notes": "A very reigious man who ensures that the students learn morals",
    "qualification": "HND Holder"
  },
  {
    "schoolid": "SCH1", 
    "ischeck": false,
    "firstname": "Sunday",
    "middlename": "F",
    "lastname": "Owolabi",
    "gender": "M",
    "status": "Active",
    "employmentdate": "07/10/2013",
    "position": "Laboratory Assitance",
    "dob": "11/03/1992",
    "terminationdate": "",
    "homeaddress": "4 Aminu street, Mende",
    "parents": "Mr and Mrs Owolabi",
    "state": "Lagos",
    "classassigned": "SSS 2",
    "email": "francismaths@yahoo.com",
    "phone": "09023547761",
    "salary": "50000",
    "notes": "He has been very valueable to the school due to his versatility",
    "qualification": "NCE Holder"
  },
  {
    "schoolid": "SCH1", 
    "ischeck": false,
    "firstname": "Omotayo",
    "middlename": "B",
    "lastname": "Lawal",
    "gender": "M",
    "status": "Active",
    "employmentdate": "07/07/2017",
    "position": "Teacher",
    "dob": "17/05/1988",
    "terminationdate": "",
    "homeaddress": "42 Tanke Road, Ilorin",
    "parents": "Mr and Mrs Lawal",
    "state": "Kwara",
    "classassigned": "SSS 1",
    "email": "omotayolawal@yahoo.com",
    "phone": "08067554318",
    "salary": "75000",
    "notes": "He has brought great level of progress to the school through his creativity",
    "qualification": "OND Holder"
  },
  {
    "schoolid": "SCH1", 
    "ischeck": false,
    "firstname": "Cynthia",
    "middlename": "C",
    "lastname": "Amaechi",
    "gender": "F",
    "status": "Active",
    "employmentdate": "07/17/2015",
    "position": "Receptionist",
    "dob": "07/03/1989",
    "terminationdate": "",
    "homeaddress": "4 Church street, Minna",
    "parents": "Mr and Mrs Amaechi",
    "state": "Niger",
    "classassigned": "",
    "email": "Cynthia1989@gmail.com",
    "phone": "07036678211",
    "salary": "35000",
    "notes": "He is a gentle teacher and also an IT personnel",
    "qualification": "Degree Holder"
  }
]