[
    {
      "schoolid": "SCH2",
      "ischeck": false,
      "firstname": "Keneth",
      "middlename": "O",
      "lastname": "Divine",
      "gender": "M",
      "status": "Active",
      "entryclass": "JSS 1A",
      "presentclass": "JSS 1A",
      "dob": "08/03/2003",
      "regdate": "23/04/2013",
      "homeaddress": "100 Aro street, Abeokuta",
      "parents": "Mr and Mrs Divine",
      "state": "Ogun"
    },
    {
      "schoolid": "SCH2",
      "ischeck": false,
      "firstname": "Bello",
      "middlename": "O",
      "lastname": "mushood",
      "gender": "M",
      "status": "Active",
      "entryclass": "JSS 1B",
      "presentclass": "SSS 1C",
      "dob": "09/07/2002",
      "regdate": "13/04/2013",
      "homeaddress": "10 Powell street, Nnewi",
      "parents": "Mr and Mrs Mushood",
      "state": "Delta"
    },
    {
      "schoolid": "SCH2",
      "ischeck": false,
      "firstname": "Prescillia",
      "middlename": "C",
      "lastname": "Ajunwa",
      "gender": "F",
      "status": "Active",
      "entryclass": "JSS 1C",
      "presentclass": "JSS 2A",
      "dob": "17/08/2001",
      "regdate": "03/04/2013",
      "homeaddress": "5 Akinola street, Maryland",
      "parents": "Mr and Mrs Ajunwa",
      "state": "Lagos"
    },
    {
      "schoolid": "SCH2",
      "ischeck": false,
      "firstname": "Tayo",
      "middlename": "A",
      "lastname": "Maxwell",
      "gender": "M",
      "status": "Active",
      "entryclass": "JSS 1B",
      "presentclass": "JSS 3A",
      "dob": "27/03/1999",
      "regdate": "23/06/2013",
      "homeaddress": "6 Tokumbo street, Mende",
      "parents": "Mr and Mrs Maxwell",
      "state": "Lagos"
    },
    {
      "schoolid": "SCH2", 
      "ischeck": false,
      "firstname": "Olayinka",
      "middlename": "I",
      "lastname": "Ayomide",
      "gender": "M",
      "status": "Active",
      "entryclass": "JSS 1B",
      "presentclass": "JSS 2B",
      "dob": "11/03/2002",
      "regdate": "23/10/2013",
      "homeaddress": "22 Adebowale Street, Egbeda",
      "parents": "Mr and Mrs Ayomide",
      "state": "Lagos"
    },
    {
      "schoolid": "SCH2", 
      "ischeck": false,
      "firstname": "Udofia",
      "middlename": "M",
      "lastname": "Akpan",
      "gender": "M",
      "status": "Active",
      "entryclass": "JSS 1A",
      "presentclass": "JSS 3A",
      "dob": "07/03/2003",
      "regdate": "23/03/2013",
      "homeaddress": "1 Magbon street, Abeokuta",
      "parents": "Mr and Mrs Akpan",
      "state": "Ogun"
    },
    {
      "schoolid": "SCH2", 
      "ischeck": false,
      "firstname": "kayode",
      "middlename": "F",
      "lastname": "Balogun",
      "gender": "M",
      "status": "Activ",
      "entryclass": "JSS 1C",
      "presentclass": "JSS 2B",
      "dob": "12/08/2000",
      "regdate": "13/05/2013",
      "homeaddress": "21 Adewale Cresent, Oshodi",
      "parents": "Mr and Mrs Balogun",
      "state": "Lagos"
    },
    {
      "schoolid": "SCH2", 
      "ischeck": false,
      "firstname": "Isaiah",
      "middlename": "O",
      "lastname": "Odeyinde",
      "gender": "M",
      "status": "Active",
      "entryclass": "JSS 1B",
      "presentclass": "JSS 1A",
      "dob": "23/04/2001",
      "regdate": "13/04/2013",
      "homeaddress": "13 Mbonu Ojike street, Owerri",
      "parents": "Mr and Mrs Odeyinde",
      "state": "Imo"
    },
    {
      "schoolid": "SCH2", 
      "ischeck": false,
      "firstname": "Promise",
      "middlename": "A",
      "lastname": "Afolabi",
      "gender": "F",
      "status": "Active",
      "entryclass": "JSS 1B",
      "presentclass": "JSS 1A",
      "dob": "26/02/1999",
      "regdate": "02/04/2013",
      "homeaddress": "6 Okunola Aina street, Mende",
      "parents": "Mr and Mrs Afolabi",
      "state": "Lagos"
    },
    {
      "schoolid": "SCH2", 
      "ischeck": false,
      "firstname": "Etebong",
      "middlename": "U",
      "lastname": "Udoh",
      "gender": "M",
      "status": "Active",
      "entryclass": "JSS 1A",
      "presentclass": "JSS 2B",
      "dob": "04/03/1998",
      "regdate": "23/04/2013",
      "homeaddress": "17 Adebisi Street, Ojota",
      "parents": "Mr and Mrs Udoh",
      "state": "Lagos"
    },
    {
      "schoolid": "SCH2", 
      "ischeck": false,
      "firstname": "Sola",
      "middlename": "N",
      "lastname": "Oluwasegun",
      "gender": "F",
      "status": "Active",
      "entryclass": "JSS 1A",
      "presentclass": "JSS 3B",
      "dob": "20/01/2000",
      "regdate": "23/01/2013",
      "homeaddress": "1 Raji Akpoyin street, Mende",
      "parents": "Mr and Mrs Oluwasegun",
      "state": "Lagos"
    },
    {
      "schoolid": "SCH2", 
      "ischeck": false,
      "firstname": "Princess",
      "middlename": "O",
      "lastname": "Kofoworola",
      "gender": "F",
      "status": "Active",
      "entryclass": "JSS 1A",
      "presentclass": "JSS 1A",
      "dob": "01/03/2001",
      "regdate": "20/04/2013",
      "homeaddress": "40 Ake street, Mende",
      "parents": "Mr and Mrs Kofoworola",
      "state": "Lagos"
    },
    {
      "schoolid": "SCH2", 
      "ischeck": false,
      "firstname": "Tope",
      "middlename": "R",
      "lastname": "Adekoya",
      "gender": "M",
      "status": "Active",
      "entryclass": "JSS 1B",
      "presentclass": "JSS 2B",
      "dob": "01/01/2003",
      "regdate": "03/04/2013",
      "homeaddress": "3 Ekpen road, Okere",
      "parents": "Mr and Mrs Adedoyin",
      "state": "Delta"
    },
    {
      "schoolid": "SCH2", 
      "ischeck": false,
      "firstname": "Taiwo",
      "middlename": "A",
      "lastname": "Gbadejo",
      "gender": "M",
      "status": "Active",
      "entryclass": "JSS 1C",
      "presentclass": "SSS 3C",
      "dob": "21/02/2000",
      "regdate": "23/06/2013",
      "homeaddress": "9 Onobanjo street, Mende",
      "parents": "Mr and Mrs Gbadejo",
      "state": "Lagos"
    },
    {
      "schoolid": "SCH2", 
      "ischeck": false,
      "firstname": "Chinonso",
      "middlename": "T",
      "lastname": "Obinna",
      "gender": "F",
      "status": "Active",
      "entryclass": "JSS 1A",
      "presentclass": "JSS 1A",
      "dob": "07/03/1999",
      "regdate": "27/01/2013",
      "homeaddress": "14 Ketudemurin street, Mende",
      "parents": "Mr and Mrs Obinna",
      "state": "Lagos"
    },
    {
      "schoolid": "SCH2", 
      "ischeck": false,
      "firstname": "Ayo",
      "middlename": "O",
      "lastname": "Balogun",
      "gender": "F",
      "status": "Active",
      "entryclass": "JSS 1B",
      "presentclass": "JSS 1B",
      "dob": "13/03/2001",
      "regdate": "23/05/2013",
      "homeaddress": "12 Elite street, Abeokuta",
      "parents": "Mr and Mrs Balogun",
      "state": "Ogun"
    },
    {
      "schoolid": "SCH2", 
      "ischeck": false,
      "firstname": "Benjamin",
      "middlename": "P",
      "lastname": "Mbah",
      "gender": "M",
      "status": "Active",
      "entryclass": "JSS 1A",
      "presentclass": "JSS 3B",
      "dob": "09/03/2000",
      "regdate": "03/08/2013",
      "homeaddress": "2 Alapere Road, Ketu",
      "parents": "Mr and Mrs Mbah",
      "state": "Lagos"
    },
    {
      "schoolid": "SCH2", 
      "ischeck": false,
      "firstname": "Cherrish",
      "middlename": "I",
      "lastname": "Daniel",
      "gender": "F",
      "status": "Active",
      "entryclass": "JSS 1B",
      "presentclass": "JSS 3B",
      "dob": "17/03/2001",
      "regdate": "03/04/2013",
      "homeaddress": "9 Sanrab street, Ilorin",
      "parents": "Mr and Mrs Daniel",
      "state": "Kwara"
    },
    {
      "schoolid": "SCH2", 
      "ischeck": false,
      "firstname": "Turayo",
      "middlename": "A",
      "lastname": "Omolafe",
      "gender": "F",
      "status": "Active",
      "entryclass": "JSS 1B",
      "presentclass": "JSS 1B",
      "dob": "07/07/2003",
      "regdate": "13/04/2013",
      "homeaddress": "12 Kamiru Street, Mushin",
      "parents": "Mr and Mrs Omolafe",
      "state": "Lagos"
    },
    {
      "schoolid": "SCH2", 
      "ischeck": false,
      "firstname": "Kafilat",
      "middlename": "K",
      "lastname": "Sherif",
      "gender": "F",
      "status": "Active",
      "entryclass": "JSS 1C",
      "presentclass": "JSS 3B",
      "dob": "18/04/2002",
      "regdate": "03/03/2013",
      "homeaddress": "32 Kadiri street, Fadeyi",
      "parents": "Mr and Mrs Sherif",
      "state": "Lagos"
    },
    {
      "schoolid": "SCH2", 
      "ischeck": false,
      "firstname": "Jamiu",
      "middlename": "C",
      "lastname": "Hammed",
      "gender": "M",
      "status": "Active",
      "entryclass": "JSS 1A",
      "presentclass": "JSS 2B",
      "dob": "07/01/2003",
      "regdate": "23/02/2013",
      "homeaddress": "43 Mbasse road, Owerri Municipal",
      "parents": "Mr and Mrs Hammed",
      "state": "Imo"
    },
    {
      "schoolid": "SCH2", 
      "ischeck": false,
      "firstname": "Musheed",
      "middlename": "O",
      "lastname": "Malomo",
      "gender": "M",
      "status": "Active",
      "entryclass": "JSS 1B",
      "presentclass": "JSS 1B",
      "dob": "02/02/2003",
      "regdate": "27/04/2013",
      "homeaddress": "27 Bayoku Close, Onikpan",
      "parents": "Mr and Mrs Malomo",
      "state": "Lagos"
    },
    {
      "schoolid": "SCH2", 
      "ischeck": false,
      "firstname": "Joy",
      "middlename": "Q",
      "lastname": "Brown",
      "gender": "F",
      "status": "Active",
      "entryclass": "JSS 1C",
      "presentclass": "JSS 2B",
      "dob": "27/03/2000",
      "regdate": "20/04/2013",
      "homeaddress": "5 Commercial avenue, Sabo-Yaba",
      "parents": "Mr and Mrs Brown",
      "state": "Lagos"
    },
    {
      "schoolid": "SCH2", 
      "ischeck": false,
      "firstname": "Mariam",
      "middlename": "M",
      "lastname": "Omotosho",
      "gender": "F",
      "status": "Active",
      "entryclass": "JSS 1A",
      "presentclass": "JSS 2B",
      "dob": "07/04/2004",
      "regdate": "08/04/2013",
      "homeaddress": "21 Commercial avenue, Sabo-Yaba",
      "parents": "Mr and Mrs Omotosho",
      "state": "Lagos"
    },
    {
      "schoolid": "SCH2", 
      "ischeck": false,
      "firstname": "Valour",
      "middlename": "O",
      "lastname": "Adebola",
      "gender": "F",
      "status": "Active",
      "entryclass": "JSS 1A",
      "presentclass": "JSS 1A",
      "dob": "06/06/2001",
      "regdate": "13/03/2013",
      "homeaddress": "4 Zaria Road , Sokoto",
      "parents": "Mr and Mrs Adebola",
      "state": "Sokoto"
    },
    {
      "schoolid": "SCH2", 
      "ischeck": false,
      "firstname": "Queen",
      "middlename": "E",
      "lastname": "Chidiebere",
      "gender": "F",
      "status": "Active",
      "entryclass": "JSS 1A",
      "presentclass": "JSS 1B",
      "dob": "07/05/2003",
      "regdate": "01/04/2013",
      "homeaddress": "21 Akwakuma street, Owerri",
      "parents": "Mr and Mrs Chidiebere",
      "state": "Imo"
    },
    {
      "schoolid": "SCH2", 
      "ischeck": false,
      "firstname": "Daniella",
      "middlename": "A",
      "lastname": "Ugbekile",
      "gender": "F",
      "status": "Active",
      "entryclass": "JSS 1B",
      "presentclass": "JSS 1B",
      "dob": "07/03/2001",
      "regdate": "04/04/2013",
      "homeaddress": "10 Adelaja,Street, Mushin",
      "parents": "Mr and Mrs Ugbekilla",
      "state": "Lagos"
    },
    {
      "schoolid": "SCH2", 
      "ischeck": false,
      "firstname": "Stephen",
      "middlename": "O",
      "lastname": "Adeola",
      "gender": "M",
      "status": "Active",
      "entryclass": "JSS 1B",
      "presentclass": "SSS 3C",
      "dob": "05/03/1999",
      "regdate": "13/01/2013",
      "homeaddress": "27 Hospital road Ekpan, Warri",
      "parents": "Mr and Mrs Adeola",
      "state": "Delta"
    },
    {
      "schoolid": "SCH2", 
      "ischeck": false,
      "firstname": "Franker",
      "middlename": "S",
      "lastname": "Abiola",
      "gender": "F",
      "status": "Active",
      "entryclass": "JSS 1A",
      "presentclass": "JSS 2B",
      "dob": "06/03/2000",
      "regdate": "23/07/2013",
      "homeaddress": "30Ibironke Cresent, Maryland",
      "parents": "Mr and Mrs Abiola",
      "state": "Lagos"
    },
    {
      "schoolid": "SCH2", 
      "ischeck": false,
      "firstname": "Florence",
      "middlename": "B",
      "lastname": "Onya",
      "gender": "F",
      "status": "Active",
      "entryclass": "JSS 1B",
      "presentclass": "JSS 2B",
      "dob": "07/12/1998",
      "regdate": "21/04/2013",
      "homeaddress": "5 Jesuoyingbo Road, Wasimi",
      "parents": "Mr and Mrs Onya",
      "state": "Lagos"
    },
    {
      "schoolid": "SCH2", 
      "ischeck": false,
      "firstname": "Gabriel",
      "middlename": "O",
      "lastname": "Okon",
      "gender": "M",
      "status": "Inactive",
      "entryclass": "JSS 1B",
      "presentclass": "JSS 2B",
      "dob": "03/03/2003",
      "regdate": "03/04/2013",
      "homeaddress": "19 Moore street, Yaba",
      "parents": "Mr and Mrs Okon",
      "state": "Lagos"
    },
    {
      "schoolid": "SCH2", 
      "ischeck": false,
      "firstname": "Ola",
      "middlename": "W",
      "lastname": "Sesan",
      "gender": "M",
      "status": "Active",
      "entryclass": "JSS 1B",
      "presentclass": "SSS 3C",
      "dob": "07/07/2000",
      "regdate": "14/04/2013",
      "homeaddress": "18 Hussey street, Jibowu",
      "parents": "Mr and Mrs Sesan",
      "state": "Lagos"
    },
    {
      "schoolid": "SCH2", 
      "ischeck": false,
      "firstname": "Adams",
      "middlename": "I",
      "lastname": "Elelu",
      "gender": "M",
      "status": "Active",
      "entryclass": "JSS 1B",
      "presentclass": "SSS 3C",
      "dob": "01/03/2001",
      "regdate": "17/02/2013",
      "homeaddress": "12 Mohijo Road, Sokoto",
      "parents": "Mr and Mrs Elelu",
      "state": "Sokoto"
    },
    {
      "schoolid": "SCH2", 
      "ischec": false,
      "firstname": "Blessing",
      "middlename": "L",
      "lastname": "Chinedu",
      "gender": "F",
      "status": "Active",
      "entryclass": "JSS 2A",
      "presentclass": "SSS 3C",
      "dob": "07/09/2002",
      "regdate": "23/08/2013",
      "homeaddress": "5 K Brothers Estate, Abuja",
      "parents": "Mr and Mrs Chinedu",
      "state": "Abuja"
    },
    {
      "schoolid": "SCH2", 
      "ischeck": false,
      "firstname": "Kolawole",
      "middlename": "A",
      "lastname": "Lanre",
      "gender": "M",
      "status": "Active",
      "entryclass": "JSS 1C",
      "presentclass": "SSS 3C",
      "dob": "07/02/2000",
      "regdate": "23/06/2013",
      "homeaddress": "7 Amzat street, Mile2",
      "parents": "Mr and Mrs Lanre",
      "state": "Lagos"
    },
    {
      "schoolid": "SCH2", 
      "ischeck": false,
      "firstname": "Gbenga",
      "middlename": "H",
      "lastname": "Mustapher",
      "gender": "M",
      "status": "Active",
      "entryclass": "JSS 1C",
      "presentclass": "SSS 3C",
      "dob": "05/03/2000",
      "regdate": "27/06/2013",
      "homeaddress": "21 Adeoye Street, Mushin",
      "parents": "Mr and Mrs Mustapher",
      "state": "Lagos"
    },
    {
      "schoolid": "SCH2", 
      "ischeck": false,
      "firstname": "Emmanuella",
      "middlename": "V",
      "lastname": "Samson",
      "gender": "F",
      "status": "Active",
      "entryclass": "JSS 1A",
      "presentclass": "SSS 3C",
      "dob": "13/05/2003",
      "regdate": "03/04/2013",
      "homeaddress": "11 Fawsat Street, Badagry",
      "parents": "Mr and Mrs Samson",
      "state": "Lagos"
    },
    {
      "schoolid": "SCH2", 
      "ischeck": false,
      "firstname": "Rita",
      "middlename": "O",
      "lastname": "Eleja",
      "gender": "F",
      "status": "Active",
      "entryclass": "JSS 1A",
      "presentclass": "JSS 2B",
      "dob": "01/01/2000",
      "regdate": "23/04/2013",
      "homeaddress": "2 Bamidele Street, Ijebu",
      "parents": "Mr and Mrs Eleja",
      "state": "Ogun"
    },
    {
      "schoolid": "SCH2", 
      "ischeck": false,
      "firstname": "Patience",
      "middlename": "A",
      "lastname": "Adebayo",
      "gender": "F",
      "status": "Active",
      "entryclass": "JSS 1B",
      "presentclass": "JSS 2B",
      "dob": "01/03/2001",
      "regdate": "13/08/2013",
      "homeaddress": "5 Ijebu Igbo road, Ijebu",
      "parents": "Mr and Mrs Adebayo",
      "state": "Ogun"
    },
    {
      "schoolid": "SCH2", 
      "ischeck": false,
      "firstname": "Patrick",
      "middlename": "P",
      "lastname": "Sanusi",
      "gender": "M",
      "status": "Active",
      "entryclass": "JSS 1B",
      "presentclass": "SSS 3C",
      "dob": "07/04/2000",
      "regdate": "23/05/2013",
      "homeaddress": "3 Ojere street, Abeokuta",
      "parents": "Mr and Mrs Sanusi",
      "state": "Ogun"
    },
    {
      "schoolid": "SCH2", 
      "ischeck": false,
      "firstname": "Monday",
      "middlename": "E",
      "lastname": "Chukwudi",
      "gender": "M",
      "status": "Active",
      "entryclass": "JSS 1B",
      "presentclass": "JSS 3B",
      "dob": "07/03/2001",
      "regdate": "12/01/2013",
      "homeaddress": "13 Kaduna Road, Sokoto North",
      "parents": "Mr and Mrs Chukwudi",
      "state": "Sokoto"
    },
    {
      "schoolid": "SCH2", 
      "ischeck": false,
      "firstname": "Umoru",
      "middlename": "A",
      "lastname": "Bada",
      "gender": "M",
      "status": "Active",
      "entryclass": "JSS 1A",
      "presentclass": "SSS 3C",
      "dob": "01/04/2003",
      "regdate": "12/10/2013",
      "homeaddress": "60 Odoro road, Oleh",
      "parents": "Mr and Mrs Bada",
      "state": "Delta"
    },
    {
      "schoolid": "SCH2", 
      "ischeck": false,
      "firstname": "Musa",
      "middlename": "D",
      "lastname": "Jaji",
      "gender": "M",
      "status": "Active",
      "entryclass": "JSS 1A",
      "presentclass": "SSS 1C",
      "dob": "07/01/2003",
      "regdate": "13/03/2013",
      "homeaddress": "3 Balogun Street, Otta",
      "parents": "Mr and Mrs Jaji",
      "state": "Ogun"
    },
    {
      "schoolid": "SCH2", 
      "ischeck": false,
      "firstname": "Bimbo",
      "middlename": "U",
      "lastname": "Sodiq",
      "gender": "F",
      "status": "Active",
      "entryclass": "JSS 1A",
      "presentclass": "JSS 2C",
      "dob": "02/03/2002",
      "regdate": "01/04/2013",
      "homeaddress": "21 Wahabi Street, Mushin",
      "parents": "Mr and Mrs Sodiq",
      "state": "Lagos"
    },
    {
      "schoolid": "SCH2", 
      "ischeck": false,
      "firstname": "Sophia",
      "middlename": "O",
      "lastname": "John",
      "gender": "F",
      "status": "Active",
      "entryclass": "JSS 1C",
      "presentclass": "SSS 3C",
      "dob": "07/01/2002",
      "regdate": "23/03/2013",
      "homeaddress": "9 Post Office Road, Mushin",
      "parents": "Mr and Mrs John",
      "state": "Lagos"
    },
    {
      "schoolid": "SCH2", 
      "ischeck": false,
      "firstname": "Motun",
      "middlename": "C",
      "lastname": "Ogunfowora",
      "gender": "F",
      "status": "Active",
      "entryclass": "JSS 1C",
      "presentclass": "JSS 2C",
      "dob": "07/07/2000",
      "regdate": "13/04/2013",
      "homeaddress": "18 Onirin Road, Mushin",
      "parents": "Mr and Mrs Ogunfowora",
      "state": "Lagos"
    },
    {
      "schoolid": "SCH2", 
      "ischeck": false,
      "firstname": "Abbey",
      "middlename": "A",
      "lastname": "Olaniji",
      "gender": "M",
      "status": "Active",
      "entryclass": "JSS 1B",
      "presentclass": "JSS 3B",
      "dob": "01/01/2000",
      "regdate": "17/04/2013",
      "homeaddress": "23 Atiku Road, Sokoto",
      "parents": "Mr and Mrs Olaniji",
      "state": "Lagos"
    },
    {
      "schoolid": "SCH2", 
      "ischeck": false,
      "firstname": "Toyib",
      "middlename": "L",
      "lastname": "Abdulraheem",
      "gender": "M",
      "status": "Active",
      "entryclass": "JSS 1A",
      "presentclass": "JSS 2C",
      "dob": "03/02/2001",
      "regdate": "16/08/2013",
      "homeaddress": "28 Okigwe road, Owerri",
      "parents": "Mr and Mrs Abdulraheem",
      "state": "Imo"
    },
    {
      "schoolid": "SCH2", 
      "ischeck": false,
      "firstname": "Taiwo",
      "middlename": "B",
      "lastname": "Agoro",
      "gender": "M",
      "status": "Active",
      "entryclass": "JSS 1B",
      "presentclass": "JSS 2C",
      "dob": "07/02/2002",
      "regdate": "06/04/2013",
      "homeaddress": "17 Olabisi Street, Orile",
      "parents": "Mr and Mrs Agoro",
      "state": "Lagos"
    },
    {
      "schoolid": "SCH2", 
      "ischeck": false,
      "firstname": "Omobolaji",
      "middlename": "O",
      "lastname": "Abubakar",
      "gender": "M",
      "status": "Active",
      "entryclass": "JSS 1B",
      "presentclass": "JSS 2C",
      "dob": "11/03/2000",
      "regdate": "08/04/2013",
      "homeaddress": "Plot7 BEN Cresent, Owode",
      "parents": "Mr and Mrs Abubakar",
      "state": "Lagos"
    },
    {
      "schoolid": "SCH2", 
      "ischeck": false,
      "firstname": "Peter",
      "middlename": "A",
      "lastname": "Ajiboye",
      "gender": "M",
      "status": "Active",
      "entryclass": "JSS 1C",
      "presentclass": "JSS 3B",
      "dob": "07/07/1999",
      "regdate": "13/04/2013",
      "homeaddress": "17 Bola Street, Oyingbo",
      "parents": "Mr and Mrs Ajiboye",
      "state": "Lagos"
    },
    {
      "schoolid": "SCH2", 
      "ischeck": false,
      "firstname": "Emmanuel",
      "middlename": "V",
      "lastname": "Shigba",
      "gender": "M",
      "status": "Active",
      "entryclass": "JSS 1A",
      "presentclass": "SSS 3C",
      "dob": "06/06/2002",
      "regdate": "23/02/2013",
      "homeaddress": "14 Ijaoye street, Jibowu",
      "parents": "Mr and Mrs Shigba",
      "state": "Lagos"
    },
    {
      "schoolid": "SCH2", 
      "ischeck": false,
      "firstname": "Kayode",
      "middlename": "O",
      "lastname": "Muyiz",
      "gender": "M",
      "status": "Active",
      "entryclass": "JSS 1C",
      "presentclass": "JSS 3B",
      "dob": "07/01/2003",
      "regdate": "13/04/2013",
      "homeaddress": "29 Alakija Street, Jibowu",
      "parents": "Mr and Mrs Muyiz",
      "state": "Lagos"
    },
    {
      "schoolid": "SCH2", 
      "ischeck": false,
      "firstname": "Olamilekan",
      "middlename": "W",
      "lastname": "Surudara",
      "gender": "M",
      "status": "Active",
      "entryclass": "JSS 1C",
      "presentclass": "JSS 2C",
      "dob": "01/01/2003",
      "regdate": "01/05/2013",
      "homeaddress": "15 Emir Yahaya, Sokoto'",
      "parents": "Mr and Mrs Surudara",
      "state": "Sokoto"
    },
    {
      "schoolid": "SCH2", 
      "ischeck": false,
      "firstname": "James",
      "middlename": "F",
      "lastname": "Agbelusi",
      "gender": "M",
      "status": "Active",
      "entryclass": "JSS 1C",
      "presentclass": "JSS 2C",
      "dob": "07/07/2001",
      "regdate": "23/05/2013",
      "homeaddress": "10 Adewusi street, Fadeyi",
      "parents": "Mr and Mrs Agbelusi",
      "state": "Lagos"
    },
    {
      "schoolid": "SCH2", 
      "ischeck": false,
      "firstname": "Ahmed",
      "middlename": "O",
      "lastname": "Ahmed",
      "gender": "M",
      "status": "Active",
      "entryclass": "JSS 1B",
      "presentclass": "JSS 2C",
      "dob": "02/02/2000",
      "regdate": "21/09/2013",
      "homeaddress": "32 Ogunjobi Street, Fadeyi",
      "parents": "Mr and Mrs Ahmed",
      "state": "Lagos"
    },
    {
      "schoolid": "SCH2", 
      "ischeck": false,
      "firstname": "Alabi",
      "middlename": "A",
      "lastname": "Sekinat",
      "gender": "F",
      "status": "Active",
      "entryclass": "JSS 1B",
      "presentclass": "JSS 2C",
      "dob": "04/02/2002",
      "regdate": "17/04/2013",
      "homeaddress": "22 Airport road, Warri",
      "parents": "Mr and Mrs Sekinat",
      "state": "Delta"
    },
    {
      "schoolid": "SCH2", 
      "ischeck": false,
      "firstname": "Abdulrahmon",
      "middlename": "A",
      "lastname": "Omotosho",
      "gender": "M",
      "status": "Active",
      "entryclass": "JSS 1B",
      "presentclass": "JSS 2C",
      "dob": "07/01/2000",
      "regdate": "03/04/2013",
      "homeaddress": "KM4 Kaalmbania Road, Sokoto",
      "parents": "Mr and Mrs Omotoshio",
      "state": "Sokoto"
    },
    {
      "schoolid": "SCH2", 
      "ischeck": false,
      "firstname": "Abayomi",
      "middlename": "A",
      "lastname": "Oladele",
      "gender": "M",
      "status": "Active",
      "entryclass": "JSS 1C",
      "presentclass": "SSS 3C",
      "dob": "02/11/2003",
      "regdate": "13/11/2013",
      "homeaddress": "19 Kadiri Street, Fadeyi",
      "parents": "Mr and Mrs Oladele",
      "state": "Lagos"
    },
    {
      "schoolid": "SCH2", 
      "ischeck": false,
      "firstname": "Samuel",
      "middlename": "O",
      "lastname": "Johnson",
      "gender": "M",
      "status": "Active",
      "entryclass": "JSS 1C",
      "presentclass": "SSS 3C",
      "dob": "01/08/2003",
      "regdate": "01/04/2013",
      "homeaddress": "4 University Road, Yaba",
      "parents": "Mr and Mrs Johnson",
      "state": "Lagos"
    },
    {
      "schoolid": "SCH2", 
      "ischeck": false,
      "firstname": "Chukwu",
      "middlename": "A",
      "lastname": "Otuosorchi",
      "gender": "M",
      "status": "Active",
      "entryclass": "JSS 1C",
      "presentclass": "SSS 3C",
      "dob": "07/03/2001",
      "regdate": "03/01/2013",
      "homeaddress": "14 Old Garage street, Sokoto",
      "parents": "Mr and Mrs Otuosorchi",
      "state": "Sokoto"
    },
    {
      "schoolid": "SCH2", 
      "ischeck": false,
      "firstname": "Adesoye",
      "middlename": "B",
      "lastname": "Ibrahim",
      "gender": "M",
      "status": "Active",
      "entryclass": "JSS 1C",
      "presentclass": "SSS 3C",
      "dob": "02/01/2003",
      "regdate": "02/04/2013",
      "homeaddress": "21 Otulu town street, Owerri",
      "parents": "Mr and Mrs Ibrahim",
      "state": "Imo"
    },
    {
      "schoolid": "SCH2", 
      "ischeck": false,
      "firstname": "Olajide",
      "middlename": "O",
      "lastname": "Folorunsho",
      "gender": "M",
      "status": "Active",
      "entryclass": "JSS 1C",
      "presentclass": "JSS 3B",
      "dob": "07/01/2002",
      "regdate": "17/09/2013",
      "homeaddress": "8 Oye street, Abeokuta",
      "parents": "Mr and Mrs Folorunsho",
      "state": "Ogun"
    },
    {
      "schoolid": "SCH2", 
      "ischeck": false,
      "firstname": "Abdulazeez",
      "middlename": "V",
      "lastname": "Saheed",
      "gender": "M",
      "status": "Active",
      "entryclass": "JSS 1A",
      "presentclass": "JSS 2C",
      "dob": "07/09/2003",
      "regdate": "07/07/2013",
      "homeaddress": "12 solomon Street, Oshodi",
      "parents": "Mr and Mrs Saheed",
      "state": "Lagos"
    },
    {
      "schoolid": "SCH2", 
      "ischeck": false,
      "firstname": "Yusuf",
      "middlename": "A",
      "lastname": "Abdullahi",
      "gender": "M",
      "status": "Active",
      "entryclass": "JSS 1A",
      "presentclass": "JSS 2C",
      "dob": "05/05/2000",
      "regdate": "23/05/2013",
      "homeaddress": "7 Ibidun street, Oshodu",
      "parents": "Mr and Mrs Abdullahi",
      "state": "Lagos"
    },
    {
      "schoolid": "SCH2", 
      "ischeck": false,
      "firstname": "Jennifer",
      "middlename": "C",
      "lastname": "James",
      "gender": "F",
      "status": "Inactive",
      "entryclass": "JSS 1A",
      "presentclass": "JSS 2C",
      "dob": "01/07/2001",
      "regdate": "13/05/2013",
      "homeaddress": "KM 4 Owerri-Onitsha road, Awo Omamma",
      "parents": "Mr and Mrs James",
      "state": "Imo"
    },
    {
      "schoolid": "SCH2", 
      "ischeck": false,
      "firstname": "Opeoluwa",
      "middlename": "S",
      "lastname": "Olatunde",
      "gender": "F",
      "status": "Active",
      "entryclass": "JSS 1A",
      "presentclass": "JSS 2C",
      "dob": "27/11/2003",
      "regdate": "09/10/2013",
      "homeaddress": "21 Offa Road, Sokoto",
      "parents": "Mr and Mrs Olatunde",
      "state": "Sokoto"
    },
    {
      "schoolid": "SCH2", 
      "ischeck": false,
      "firstname": "Bamidele",
      "middlename": "I",
      "lastname": "Opeyemi",
      "gender": "M",
      "status": "Active",
      "entryclass": "JSS 1A",
      "presentclass": "SSS 1B",
      "dob": "07/08/2000",
      "regdate": "01/04/2013",
      "homeaddress": "12 Edward Cresent, Yaba",
      "parents": "Mr and Mrs Opeyemi",
      "state": "Lagos"
    },
    {
      "schoolid": "SCH2",
      "ischeck": false,
      "firstname": "Opeyemi",
      "middlename": "G",
      "lastname": "Bastos",
      "gender": "F",
      "status": "Active",
      "entryclass": "JSS 1C",
      "presentclass": "SSS 1B",
      "dob": "08/10/2003",
      "regdate": "10/04/2013",
      "homeaddress": "9 Ladi Stella street, Asaba",
      "parents": "Mr and Mrs Bastos",
      "state": "Delta"
    },
    {
      "schoolid": "SCH2", 
      "ischeck": false,
      "firstname": "Alex",
      "middlename": "C",
      "lastname": "Olaitan",
      "gender": "M",
      "status": "Active",
      "entryclass": "JSS 1C",
      "presentclass": "SSS 1B",
      "dob": "03/01/2003",
      "regdate": "03/04/2013",
      "homeaddress": "45 Muritala Muhammed, Yaba",
      "parents": "Mr and Mrs Olaitan",
      "state": "Lagos"
    },
    {
      "schoolid": "SCH2", 
      "ischeck": false,
      "firstname": "Christian",
      "middlename": "O",
      "lastname": "Ojonugwa",
      "gender": "M",
      "status": "Active",
      "entryclass": "JSS 1C",
      "presentclass": "SSS 1B",
      "dob": "07/05/2001",
      "regdate": "03/04/2013",
      "homeaddress": "43 Adelaja Street, Mushin",
      "parents": "Mr and Mrs Ojonugwa",
      "state": "Lagos"
    },
    {
      "schoolid": "SCH2", 
      "ischeck": false,
      "firstname": "Hawaw",
      "middlename": "O",
      "lastname": "Ayedun",
      "gender": "F",
      "status": "Active",
      "entryclass": "JSS 1C",
      "presentclass": "SSS 1B",
      "dob": "07/11/2000",
      "regdate": "03/10/2013",
      "homeaddress": "20 Popoola street, Pangrove",
      "parents": "Mr and Mrs Ayedun",
      "state": "Lagos"
    },
    {
      "schoolid": "SCH2", 
      "ischeck": false,
      "firstname": "Richard",
      "middlename": "J",
      "lastname": "Ongom",
      "gender": "M",
      "status": "Active",
      "entryclass": "JSS 1C",
      "presentclass": "SSS 1B",
      "dob": "07/03/2001",
      "regdate": "23/02/2013",
      "homeaddress": "10 Bawshi Road, Sokoto South",
      "parents": "Mr and Mrs Ongom",
      "state": "Sokoto"
    },
    {
      "schoolid": "SCH2", 
      "ischeck": false,
      "firstname": "Esther",
      "middlename": "A",
      "lastname": "Apkan",
      "gender": "M",
      "status": "Active",
      "entryclass": "JSS 1C",
      "presentclass": "SSS 1C",
      "dob": "07/02/2002",
      "regdate": "20/10/2013",
      "homeaddress": "20 Ikorodu Road, Obanikoro",
      "parents": "Mr and Mrs Apkan",
      "state": "Lagos"
    },
    {
      "schoolid": "SCH2", 
      "ischeck": false,
      "firstname": "Akolawole",
      "middlename": "O",
      "lastname": "Tobiloba",
      "gender": "M",
      "status": "Active",
      "entryclass": "JSS 1C",
      "presentclass": "JSS 3A",
      "dob": "02/03/2003",
      "regdate": "13/09/2013",
      "homeaddress": "13 Calaber Village, Maryland",
      "parents": "Mr and Mrs Tobiloba",
      "state": "Lagos"
    },
    {
      "schoolid": "SCH2", 
      "ischeck": false,
      "firstname": "Olaniji",
      "middlename": "I",
      "lastname": "Agoro",
      "gender": "M",
      "status": "Active",
      "entryclass": "JSS 1C",
      "presentclass": "JSS 3A",
      "dob": "01/11/2003",
      "regdate": "03/12/2013",
      "homeaddress": "11 Osisioma industrial layout, Aba",
      "parents": "Mr and Mrs Agoro",
      "state": "Imo"
    },
    {
      "schoolid": "SCH2", 
      "ischeck": false,
      "firstname": "Adeboye",
      "middlename": "D",
      "lastname": "Surajudeen",
      "gender": "M",
      "status": "Active",
      "entryclass": "JSS 1C",
      "presentclass": "JSS 3A",
      "dob": "01/03/1999",
      "regdate": "21/01/2013",
      "homeaddress": "21 Awoyokun Street, Onikpan",
      "parents": "Mr and Mrs Surajudeen",
      "state": "Lagos"
    },
    {
      "schoolid": "SCH2", 
      "ischeck": false,
      "firstname": "Promise",
      "middlename": "O",
      "lastname": "Bamidele",
      "gender": "M",
      "status": "Active",
      "entryclass": "JSS 1A",
      "presentclass": "SSS 1A",
      "dob": "02/03/2002",
      "regdate": "11/02/2013",
      "homeaddress": "8 Bashorun street, Mushin",
      "parents": "Mr and Mrs Bamidele",
      "state": "Lagos"
    },
    {
      "schoolid": "SCH2", 
      "ischeck": false,
      "firstname": "Sodiq",
      "middlename": "B",
      "lastname": "Oloyede",
      "gender": "M",
      "status": "Active",
      "entryclass": "JSS 1A",
      "presentclass": "SSS 1A",
      "dob": "07/10/2000",
      "regdate": "07/07/2013",
      "homeaddress": "5 Konode street, Ikeja",
      "parents": "Mr and Mrs Oloyede",
      "state": "Lagos"
    },
    {
      "schoolid": "SCH2", 
      "ischeck": false,
      "firstname": "Anthony",
      "middlename": "E",
      "lastname": "Chibuzor",
      "gender": "M",
      "status": "Active",
      "entryclass": "JSS 1A",
      "presentclass": "SSS 1A",
      "dob": "01/03/2003",
      "regdate": "23/01/2013",
      "homeaddress": "21 Alafia Close, Ilorin",
      "parents": "Mr and Mrs Chibuzor",
      "state": "Kwara"
    },
    {
      "schoolid": "SCH2", 
      "ischeck": false,
      "firstname": "Adeshina",
      "middlename": "O",
      "lastname": "Olatunji",
      "gender": "M",
      "status": "Active",
      "entryclass": "JSS 1A",
      "presentclass": "SSS 1A",
      "dob": "27/03/2000",
      "regdate": "03/04/2013",
      "homeaddress": "2 Adewale street, Aboekuta",
      "parents": "Mr and Mrs Olatunji",
      "state": "Ogun"
    },
    {
      "schoolid": "SCH2", 
      "ischeck": false,
      "firstname": "Nosirudeen",
      "middlename": "N",
      "lastname": "Awesu",
      "gender": "M",
      "status": "Active",
      "entryclass": "JSS 1A",
      "presentclass": "SSS 1A",
      "dob": "17/10/2003",
      "regdate": "30/04/2013",
      "homeaddress": "Road 1 plot 16 Nekede Mechanic village, Owerri west",
      "parents": "Mr and Mrs Awesu",
      "state": "Imo"
    },
    {
      "schoolid": "SCH2", 
      "ischeck": false,
      "firstname": "Sanni",
      "middlename": "T",
      "lastname": "Asileke",
      "gender": "M",
      "status": "Active",
      "entryclass": "JSS 1A",
      "presentclass": "SSS 1A",
      "dob": "07/02/2001",
      "regdate": "20/04/2013",
      "homeaddress": "16 Adidi street, Effurun",
      "parents": "Mr and Mrs Asileke",
      "state": "Delta"
    },
    {
      "schoolid": "SCH2", 
      "ischeck": false,
      "firstname": "Opoola",
      "middlename": "O",
      "lastname": "Abdulqodir",
      "gender": "M",
      "status": "Active",
      "entryclass": "JSS 1A",
      "presentclass": "SSS 1A",
      "dob": "01/07/2003",
      "regdate": "01/09/2013",
      "homeaddress": "21 Adejunwo street, Mende",
      "parents": "Mr and Mrs Abdulqodir",
      "state": "Lagos"
    },
    {
      "schoolid": "SCH2", 
      "ischeck": false,
      "firstname": "Ogechi",
      "middlename": "O",
      "lastname": "Ebube",
      "gender": "F",
      "status": "Active",
      "entryclass": "JSS 1A",
      "presentclass": "JSS 2A",
      "dob": "17/01/2003",
      "regdate": "23/10/2013",
      "homeaddress": "11 Abbi street, Maryland",
      "parents": "Mr and Mrs Ebube",
      "state": "Lagos"
    },
    {
      "schoolid": "SCH2", 
      "ischeck": false,
      "firstname": "Adaeze",
      "middlename": "S",
      "lastname": "Kelvin",
      "gender": "F",
      "status": "Active",
      "entryclass": "JSS 1A",
      "presentclass": "JSS 2A",
      "dob": "29/01/2003",
      "regdate": "30/04/2013",
      "homeaddress": "20 Aro street, Abeokuta",
      "parents": "Mr and Mrs Kelvin",
      "state": "Ogun"
    },
    {
      "schoolid": "SCH2", 
      "ischeck": false,
      "firstname": "Oluchi",
      "middlename": "C",
      "lastname": "Chinedu",
      "gender": "FS",
      "status": "Active",
      "entryclass": "JSS 1A",
      "presentclass": "JSS 2A",
      "dob": "01/12/2003",
      "regdate": "12/02/2013",
      "homeaddress": "12 Aminu street, Mende",
      "parents": "Mr and Mrs Chinedu",
      "state": "Lagos"
    },
    {
      "schoolid": "SCH2", 
      "ischeck": false,
      "firstname": "Bashirat",
      "middlename": "A",
      "lastname": "Eleniyan",
      "gender": "F",
      "status": "Active",
      "entryclass": "JSS 1A",
      "presentclass": "JSS 2A",
      "dob": "07/02/2001",
      "regdate": "25/08/2013",
      "homeaddress": "30 Ibadan street, Ebutemetta",
      "parents": "Mr and Mrs Eleniyan",
      "state": "Lagos"
    },
    {
      "schoolid": "SCH2", 
      "ischeck": false,
      "firstname": "Olaniyan",
      "middlename": "O",
      "lastname": "Sulaiman",
      "gender": "F",
      "status": "Active",
      "entryclass": "JSS 1A",
      "presentclass": "JSS 2A",
      "dob": "01/03/2000",
      "regdate": "27/01/2013",
      "homeaddress": "13 Sango road, Ibadan",
      "parents": "Mr and Mrs Sulaiman",
      "state": "Oyo"
    },
    {
      "schoolid": "SCH2", 
      "ischeck": false,
      "firstname": "Ayomide",
      "middlename": "F",
      "lastname": "Kazeem",
      "gender": "F",
      "status": "Active",
      "entryclass": "JSS 1A",
      "presentclass": "JSS 2A",
      "dob": "06/06/2002",
      "regdate": "07/04/2013",
      "homeaddress": "3 Umuimo road, Owerri",
      "parents": "Mr and Mrs Kazeem",
      "state": "Imo"
    },
    {
      "schoolid": "SCH2", 
      "ischeck": false,
      "firstname": "Mariam",
      "middlename": "Y",
      "lastname": "Sanusi",
      "gender": "F",
      "status": "Active",
      "entryclass": "JSS 1C",
      "presentclass": "JSS 3A",
      "dob": "30/10/2003",
      "regdate": "20/09/2013",
      "homeaddress": "10 Aminu street, Mende",
      "parents": "Mr and Mrs Sanusi",
      "state": "Lagos"
    },
    {
      "schoolid": "SCH2", 
      "ischeck": false,
      "firstname": "Bimpe",
      "middlename": "A",
      "lastname": "Akinsola",
      "gender": "F",
      "status": "Inactive",
      "entryclass": "JSS 1C",
      "presentclass": "JSS 3A",
      "dob": "07/12/2001",
      "regdate": "23/11/2013",
      "homeaddress": "12 Ajayi Street, Anthony Village",
      "parents": "Mr and Mrs Akinsola",
      "state": "Lagos"
    },
    {
      "schoolid": "SCH2", 
      "ischeck": false,
      "firstname": "Precious",
      "middlename": "C",
      "lastname": "Nkem",
      "gender": "F",
      "status": "Active",
      "entryclass": "JSS 1C",
      "presentclass": "SSS 1C",
      "dob": "27/07/2000",
      "regdate": "20/02/2013",
      "homeaddress": "3b Micheal Close, Ikeja",
      "parents": "Mr and Mrs Nkem",
      "state": "Lagos"
    },
    {
      "schoolid": "SCH2", 
      "ischeck": false,
      "firstname": "Abidemi",
      "middlename": "S",
      "lastname": "Adegoke",
      "gender": "F",
      "status": "Active",
      "entryclass": "JSS 1C",
      "presentclass": "JSS 3A",
      "dob": "27/03/1999",
      "regdate": "23/09/2013",
      "homeaddress": "12 Amuda street, Ibadan",
      "parents": "Mr and Mrs Adegoke",
      "state": "Oyo"
    },
    {
      "schoolid": "SCH2", 
      "ischeck": false,
      "firstname": "Chinyere",
      "middlename": "A",
      "lastname": "Emeruwa",
      "gender": "F",
      "status": "Active",
      "entryclass": "JSS 1C",
      "presentclass": "JSS 3A",
      "dob": "11/03/2003",
      "regdate": "21/06/2013",
      "homeaddress": "4 Pipeline road, Ilorin",
      "parents": "Mr and Mrs Emeruwa",
      "state": "Kwara"
    },
    {
      "schoolid": "SCH2", 
      "ischeck": false,
      "firstname": "Davidson",
      "middlename": "C",
      "lastname": "David",
      "gender": "M",
      "status": "Active",
      "entryclass": "JSS 1C",
      "presentclass": "JSS 2A",
      "dob": "07/06/2003",
      "regdate": "o4/04/2013",
      "homeaddress": "15 GRA Ekorinim, Calabar",
      "parents": "Mr and Mrs David",
      "state": "Cross River"
    },
    {
      "schoolid": "SCH2", 
      "ischeck": false,
      "firstname": "Ifeoluwa",
      "middlename": "C",
      "lastname": "Olowo",
      "gender": "F",
      "status": "Active",
      "entryclass": "JSS 1C",
      "presentclass": "JSS 2A",
      "dob": "01/03/2002",
      "regdate": "01/10/2013",
      "homeaddress": "9 Aluko street, Ibadan",
      "parents": "Mr and Mrs Olowo",
      "state": "Oyo"
    },
    {
      "schoolid": "SCH2", 
      "ischeck": false,
      "firstname": "Teslimat",
      "middlename": "S",
      "lastname": "Ibraheem",
      "gender": "F",
      "status": "Active",
      "entryclass": "JSS 1C",
      "presentclass": "JSS 2A",
      "dob": "27/03/2002",
      "regdate": "03/08/2013",
      "homeaddress": "23 Waziri Ibrahim Cresent, Abakpa",
      "parents": "Mr and Mrs Ibraheem",
      "state": "Kaduna"
    },
    {
      "schoolid": "SCH2", 
      "ischeck": false,
      "firstname": "Sandra",
      "middlename": "S",
      "lastname": "Ogbonna",
      "gender": "F",
      "status": "Active",
      "entryclass": "JSS 1C",
      "presentclass": "JSS 2A",
      "dob": "08/08/2003",
      "regdate": "28/03/2013",
      "homeaddress": "2 Whaff Road, Kaduna",
      "parents": "Mr and Mrs Ogbonna",
      "state": "Kaduna"
    },
    {
      "schoolid": "SCH2", 
      "ischeck": false,
      "firstname": "Kelechi",
      "middlename": "H",
      "lastname": "Nwafor",
      "gender": "F",
      "status": "Active",
      "entryclass": "JSS 1C",
      "presentclass": "JSS 2A",
      "dob": "02/05/2001",
      "regdate": "28/04/2013",
      "homeaddress": "36 Arthur Avenue, Awka",
      "parents": "Mr and Mrs Nwafor",
      "state": "Anambra"
    },
    {
      "schoolid": "SCH2", 
      "ischeck": false,
      "firstname": "Favour",
      "middlename": "D",
      "lastname": "Thomos",
      "gender": "F",
      "status": "Active",
      "entryclass": "JSS 1C",
      "presentclass": "SSS 2BA",
      "dob": "01/06/2002",
      "regdate": "07/08/2014",
      "homeaddress": "12 Grayland , Iju",
      "parents": "Mr and Mrs Thomos",
      "state": "Lagos"
    },
    {
      "schoolid": "SCH2", 
      "ischeck": false,
      "firstname": "Mattew",
      "middlename": "B",
      "lastname": "Nonso",
      "gender": "M",
      "status": "Active",
      "entryclass": "JSS 2A",
      "presentclass": "JSS 3A",
      "dob": "01/10/2000",
      "regdate": "25/10/2014",
      "homeaddress": "13 ejuosho Buiding, Ajubade",
      "parents": "Mr and Mrs Nonso",
      "state": "Oyo"
    },
    {
      "schoolid": "SCH2", 
      "ischeck": false,
      "firstname": "Osas",
      "middlename": "O",
      "lastname": "Orhieneme",
      "gender": "M",
      "status": "Active",
      "entryclass": "JSS 2A",
      "presentclass": "JSS 3A",
      "dob": "03/11/2000",
      "regdate": "15/03/2014",
      "homeaddress": "37B Oyo Road, Ibadan",
      "parents": "Mr and Mrs Orhieneme",
      "state": "Oyo"
    },
    {
      "schoolid": "SCH2", 
      "ischeck": false,
      "firstname": "Solomon",
      "middlename": "B",
      "lastname": "Uzor",
      "gender": "M",
      "status": "Active",
      "entryclass": "JSS 1A",
      "presentclass": "SSS 2C",
      "dob": "01/01/2003",
      "regdate": "05/11/2014",
      "homeaddress": "101 Offa Road, Kaduna",
      "parents": "Mr and Mrs Uzor",
      "state": "kaduna"
    },
    {
      "schoolid": "SCH2", 
      "ischeck": false,
      "firstname": "Praise",
      "middlename": "S",
      "lastname": "Elere",
      "gender": "F",
      "status": "Active",
      "entryclass": "JSS 2A",
      "presentclass": "SSS 1A",
      "dob": "01/10/2000",
      "regdate": "15/03/2014",
      "homeaddress": "3 Wetheral road, Owerri",
      "parents": "Mr and Mrs Elere",
      "state": "Imo"
    },
    {
      "schoolid": "SCH2", 
      "ischeck": false,
      "firstname": "Henry",
      "middlename": "B",
      "lastname": "Ugbodumma",
      "gender": "M",
      "status": "Active",
      "entryclass": "JSS 2A",
      "presentclass": "SSS 1A",
      "dob": "11/10/2001",
      "regdate": "16/11/2014",
      "homeaddress": "1 College Cresent, Ibadan",
      "parents": "Mr and Mrs Ugbodumma",
      "state": "Oyo"
    },
    {
      "schoolid": "SCH2", 
      "ischeck": false,
      "firstname": "Vera",
      "middlename": "O",
      "lastname": "Chibike",
      "gender": "F",
      "status": "Active",
      "entryclass": "JSS 1A",
      "presentclass": "SSS 2B",
      "dob": "21/11/2004",
      "regdate": "05/10/2014",
      "homeaddress": "20 Uluawulu Street, Nkpor",
      "parents": "Mr and Mrs Chibike",
      "state": "Anambra"
    },
    {
      "schoolid": "SCH2", 
      "ischeck": false,
      "firstname": "Joshua",
      "middlename": "E",
      "lastname": "Onyedikachi",
      "gender": "F",
      "status": "Active",
      "entryclass": "JSS 1C",
      "presentclass": "SSS 2B",
      "dob": "11/11/2002",
      "regdate": "15/02/2014",
      "homeaddress": "35 Adegoke Adelabi Way, Ibadan",
      "parents": "Mr and Mrs Onyedikachi",
      "state": "Oyo"
    },
    {
      "schoolid": "SCH2", 
      "ischeck": false,
      "firstname": "Timi",
      "middlename": "A",
      "lastname": "Bode",
      "gender": "F",
      "status": "Active",
      "entryclass": "JSS 2C",
      "presentclass": "JSS 2A",
      "dob": "21/08/2001",
      "regdate": "09/10/2014",
      "homeaddress": "8 Bassey Duke street, Calabar",
      "parents": "Mr and Mrs Bode",
      "state": "Cross River"
    },
    {
      "schoolid": "SCH2", 
      "ischeck": false,
      "firstname": "Oluwatosin",
      "middlename": "S",
      "lastname": "Abdul Mumin",
      "gender": "F",
      "status": "Active",
      "entryclass": "JSS 2C",
      "presentclass": "JSS 2A",
      "dob": "01/10/1999",
      "regdate": "25/05/2014",
      "homeaddress": "4 Ilesanmi road, Ilorin",
      "parents": "Mr and Mrs Abdul Mumin",
      "state": "Kwara"
    },
    {
      "schoolid": "SCH2", 
      "ischeck": false,
      "firstname": "Comfort",
      "middlename": "A",
      "lastname": "Ajadi",
      "gender": "F",
      "status": "Active",
      "entryclass": "JSS 1A",
      "presentclass": "SSS 2C",
      "dob": "19/08/2003",
      "regdate": "05/10/2014",
      "homeaddress": "1 Idiaba street, Abeokuta",
      "parents": "Mr and Mrs Ajadi",
      "state": "Ogun"
    },
    {
      "schoolid": "SCH2", 
      "ischeck": false,
      "firstname": "Sunday",
      "middlename": "E",
      "lastname": "Owolewa",
      "gender": "M",
      "status": "Active",
      "entryclass": "JSS 1A",
      "presentclass": "SSS 2C",
      "dob": "03/11/2002",
      "regdate": "05/02/2014",
      "homeaddress": "14 Queen Elizabeth Road, Ibadan",
      "parents": "Mr and Mrs Owolewa",
      "state": "Oyo"
    },
    {
      "schoolid": "SCH2", 
      "ischeck": false,
      "firstname": "Olayemi",
      "middlename": "S",
      "lastname": "Olatunde",
      "gender": "M",
      "status": "Active",
      "entryclass": "JSS 1A",
      "presentclass": "SSS 2C",
      "dob": "04/12/2003",
      "regdate": "04/10/2014",
      "homeaddress": "3 Akai street, Calabar",
      "parents": "Mr and Mrs Olatunde",
      "state": "Cross River"
    },
    {
      "schoolid": "SCH2", 
      "ischeck": false,
      "firstname": "Dupe",
      "middlename": "A",
      "lastname": "Ayodele",
      "gender": "F",
      "status": "Active",
      "entryclass": "JSS 2A",
      "presentclass": "SSS 1A",
      "dob": "01/01/2001",
      "regdate": "16/03/2014",
      "homeaddress": "449 Bishop Aboyade street, Victoria Island",
      "parents": "Mr and Mrs Ayodele",
      "state": "Lagos"
    },
    {
      "schoolid": "SCH2", 
      "ischeck": false,
      "firstname": "Lucy",
      "middlename": "A",
      "lastname": "Odeyemi",
      "gender": "F",
      "status": "Active",
      "entryclass": "JSS 2C",
      "presentclass": "JSS 2A",
      "dob": "01/10/2003",
      "regdate": "25/09/2014",
      "homeaddress": "25 Ekwa Road, Soukwa",
      "parents": "Mr and Mrs Odeyemi",
      "state": "Kaduna"
    },
    {
      "schoolid": "SCH2", 
      "ischeck": false,
      "firstname": "Ejiro",
      "middlename": "B",
      "lastname": "Onokeroh",
      "gender": "M",
      "status": "Active",
      "entryclass": "JSS 2C",
      "presentclass": "SSS 2C",
      "dob": "03/03/2000",
      "regdate": "15/03/2014",
      "homeaddress": "19A Nepa Road street, Abeokuta",
      "parents": "Mr and Mrs Onokeroh",
      "state": "Ogun"
    },
    {
      "schoolid": "SCH2", 
      "ischeck": false,
      "firstname": "Wahab",
      "middlename": "A",
      "lastname": "Ibrahim",
      "gender": "M",
      "status": "Active",
      "entryclass": "JSS 2C",
      "presentclass": "SSS 2C",
      "dob": "01/05/2003",
      "regdate": "05/10/2014",
      "homeaddress": "A2 Amadu Bello Way, Kaduna North",
      "parents": "Mr and Mrs Ibrahim",
      "state": "Kaduna"
    },
    {
      "schoolid": "SCH2", 
      "ischeck": false,
      "firstname": "Roseline",
      "middlename": "O",
      "lastname": "Chigozie",
      "gender": "F",
      "status": "Active",
      "entryclass": "JSS 2C",
      "presentclass": "SSS 2C",
      "dob": "01/12/2003",
      "regdate": "05/02/2014",
      "homeaddress": "10 Iwo road, Ibadan",
      "parents": "Mr and Mrs Chigozie",
      "state": "Oyo"
    },
    {
      "schoolid": "SCH2", 
      "ischeck": false,
      "firstname": "Lucky",
      "middlename": "D",
      "lastname": "Akande",
      "gender": "M",
      "status": "Active",
      "entryclass": "JSS 1C",
      "presentclass": "SSS 2B",
      "dob": "01/10/2002",
      "regdate": "02/05/2014",
      "homeaddress": "31 Awolowo Avenue, Ibadan",
      "parents": "Mr and Mrs Akande",
      "state": "Oyo"
    },
    {
      "schoolid": "SCH2", 
      "ischeck": false,
      "firstname": "Ochuko",
      "middlename": "M",
      "lastname": "Morakinyo",
      "gender": "M",
      "status": "Active",
      "entryclass": "JSS 1C",
      "presentclass": "SSS 2C",
      "dob": "01/03/2000",
      "regdate": "05/01/2014",
      "homeaddress": "12 Oyo Road, Ibadan",
      "parents": "Mr and Mrs Morakinyo",
      "state": "Oyo"
    },
    {
      "schoolid": "SCH2", 
      "ischeck": false,
      "firstname": "Hope",
      "middlename": "S",
      "lastname": "Cosmos",
      "gender": "F",
      "status": "Active",
      "entryclass": "JSS 2B",
      "presentclass": "JSS 3C",
      "dob": "01/11/1999",
      "regdate": "30/10/2014",
      "homeaddress": "15 Araromi Street, Ketu",
      "parents": "Mr and Mrs Cosmos",
      "state": "Lagos"
    },
    {
      "schoolid": "SCH2", 
      "ischeck": false,
      "firstname": "Kuburat",
      "middlename": "B",
      "lastname": "Yusuf",
      "gender": "F",
      "status": "Active",
      "entryclass": "JSS 1B",
      "presentclass": "SSS 2A",
      "dob": "21/10/2001",
      "regdate": "20/11/2014",
      "homeaddress": "G11 Mangal Plaza chechenia Road, Kaduna North",
      "parents": "Mr and Mrs Yusuf",
      "state": "Kaduna"
    },
    {
      "schoolid": "SCH2", 
      "ischeck": false,
      "firstname": "Uche",
      "middlename": "A",
      "lastname": "Okoli",
      "gender": "F",
      "status": "Active",
      "entryclass": "JSS 2B",
      "presentclass": "JSS 3C",
      "dob": "01/10/2001",
      "regdate": "15/08/2014",
      "homeaddress": "13 New Court road, Dugbe",
      "parents": "Mr and Mrs Yusuf",
      "state": "Oyo"
    },
    {
      "schoolid": "SCH2", 
      "ischeck": false,
      "firstname": "Martins",
      "middlename": "C",
      "lastname": "Ugwu",
      "gender": "M",
      "status": "Active",
      "entryclass": "JSS 1B",
      "presentclass": "SSS 2C",
      "dob": "01/10/2003",
      "regdate": "03/08/2014",
      "homeaddress": "A12 Kachia Road by Supermarket Bustop, Kaduna",
      "parents": "Mr and Mrs Ugwu",
      "state": "Kaduna"
    },
    {
      "schoolid": "SCH2", 
      "ischeck": false,
      "firstname": "Endurance",
      "middlename": "V",
      "lastname": "Orlu",
      "gender": "M",
      "status": "Active",
      "entryclass": "JSS 2B",
      "presentclass": "SSS 1A",
      "dob": "01/02/2001",
      "regdate": "09/05/2014",
      "homeaddress": "20 Annes Adelabu Shopping Complex, Ibadan",
      "parents": "Mr and Mrs Orlu",
      "state": "Oyo"
    },
    {
      "schoolid": "SCH2", 
      "ischeck": false,
      "firstname": "Lilian",
      "middlename": "B",
      "lastname": "Ihiaso",
      "gender": "F",
      "status": "Active",
      "entryclass": "JSS 2B",
      "presentclass": "JSS 3C",
      "dob": "10/10/2003",
      "regdate": "31/09/2014",
      "homeaddress": "Plo1 Coker Layout, Ibadan",
      "parents": "Mr and Mrs Ihiaso",
      "state": "Oyo"
    },
    {
      "schoolid": "SCH2", 
      "ischeck": false,
      "firstname": "Shakirat",
      "middlename": "C",
      "lastname": "Raji",
      "gender": "F",
      "status": "Active",
      "entryclass": "JSS 1B",
      "presentclass": "SSS 2A",
      "dob": "01/11/2002",
      "regdate": "05/06/2014",
      "homeaddress": "2 Adenuga street, Ibadan",
      "parents": "Mr and Mrs Raji",
      "state": "Oyo"
    },
    {
      "schoolid": "SCH2", 
      "ischeck": false,
      "firstname": "Frank",
      "middlename": "A",
      "lastname": "Darligton",
      "gender": "M",
      "status": "Active",
      "entryclass": "JSS 2B",
      "presentclass": "JSS 3C",
      "dob": "22/12/2000",
      "regdate": "15/08/2014",
      "homeaddress": "10 Majidun street, Ikorodu",
      "parents": "Mr and Mrs Darligton",
      "state": "Lagos"
    },
    {
      "schoolid": "SCH2", 
      "ischeck": false,
      "firstname": "Angela",
      "middlename": "M",
      "lastname": "Ubong",
      "gender": "F",
      "status": "Active",
      "entryclass": "JSS 2B",
      "presentclass": "SSS 1A",
      "dob": "01/10/2003",
      "regdate": "21/02/2014",
      "homeaddress": "19 Adebajo Street, Ibadan",
      "parents": "Mr and Mrs Ubong",
      "state": "Oyo"
    },
    {
      "schoolid": "SCH2", 
      "ischeck": false,
      "firstname": "Shakirat",
      "middlename": "A",
      "lastname": "Oyinkansola",
      "gender": "F",
      "status": "Active",
      "entryclass": "JSS 1C",
      "presentclass": "SSS 2B",
      "dob": "11/10/2003",
      "regdate": "11/01/2014",
      "homeaddress": "41A Police Road, Ibadan",
      "parents": "Mr and Mrs Oyinkansola",
      "state": "OYo"
    },
    {
      "schoolid": "SCH2", 
      "ischeck": false,
      "firstname": "Damilola",
      "middlename": "S",
      "lastname": "Adeleke",
      "gender": "M",
      "status": "Active",
      "entryclass": "JSS 1C",
      "presentclass": "SSS 2C",
      "dob": "03/12/2000",
      "regdate": "18/10/2014",
      "homeaddress": "18 Jimoh Odutola street, Dugbe",
      "parents": "Mr and Mrs Adeleke",
      "state": "Oyo"
    },
    {
      "schoolid": "SCH2", 
      "ischeck": false,
      "firstname": "Dolapo",
      "middlename": "D",
      "lastname": "Lawal",
      "gender": "F",
      "status": "Active",
      "entryclass": "JSS 1C",
      "presentclass": "SSS 2B",
      "dob": "23/10/2004",
      "regdate": "05/12/2014",
      "homeaddress": "6 Ago Egun street, Owode",
      "parents": "Mr and Mrs Lawal",
      "state": "Ogun"
    },
    {
      "schoolid": "SCH2", 
      "ischeck": false,
      "firstname": "Seun",
      "middlename": "F",
      "lastname": "Otakomaiya",
      "gender": "F",
      "status": "Active",
      "entryclass": "JSS 1C",
      "presentclass": "SSS 2B",
      "dob": "01/01/2002",
      "regdate": "15/05/2014",
      "homeaddress": "7 Dr Edem street, Calabar",
      "parents": "Mr and Mrs Otakomaiya",
      "state": "Cross River"
    },
    {
      "schoolid": "SCH2", 
      "ischeck": false,
      "firstname": "Chichi",
      "middlename": "N",
      "lastname": "Ezekiel",
      "gender": "F",
      "status": "Active",
      "entryclass": "JSS 1C",
      "presentclass": "SSS 2B",
      "dob": "23/10/2001",
      "regdate": "24/03/2014",
      "homeaddress": "4 Iwo Road, Ibadan",
      "parents": "Mr and Mrs Ezekiel",
      "state": "Oyo"
    },
    {
      "schoolid": "SCH2", 
      "ischeck": false,
      "firstname": "Gloria",
      "middlename": "O",
      "lastname": "Nkuku",
      "gender": "F",
      "status": "Active",
      "entryclass": "JSS 1C",
      "presentclass": "SSS 2B",
      "dob": "10/10/2003",
      "regdate": "15/10/2014",
      "homeaddress": "9 Aara Avenue, Ibadan",
      "parents": "Mr and Mrs Nkuku",
      "state": "Oyo"
    },
    {
      "schoolid": "SCH2", 
      "ischeck": false,
      "firstname": "Faith",
      "middlename": "S",
      "lastname": "Udofia",
      "gender": "F",
      "status": "Active",
      "entryclass": "JSS 2C",
      "presentclass": "JSS 3C",
      "dob": "03/09/2000",
      "regdate": "15/12/2014",
      "homeaddress": "12 Omamofe street, Warri",
      "parents": "Mr and Mrs Udofia",
      "state": "Delta"
    },
    {
      "schoolid": "SCH2", 
      "ischeck": false,
      "firstname": "Alage",
      "middlename": "C",
      "lastname": "Shafihi",
      "gender": "M",
      "status": "Active",
      "entryclass": "JSS 1C",
      "presentclass": "SSS 2A",
      "dob": "01/06/2002",
      "regdate": "05/10/2014",
      "homeaddress": "11 Ighodaro Road, Ibadan",
      "parents": "Mr and Mrs Shafihi",
      "state": "Oyo"
    },
    {
      "schoolid": "SCH2", 
      "ischeck": false,
      "firstname": "Pascal",
      "middlename": "A",
      "lastname": "Egong",
      "gender": "M",
      "status": "Active",
      "entryclass": "JSS 2C",
      "presentclass": "JSS 3C",
      "dob": "06/06/2000",
      "regdate": "05/05/2014",
      "homeaddress": "5 Adekunle F, Gbagada",
      "parents": "Mr and Mrs Egong",
      "state": "Lagos"
    },
    {
      "schoolid": "SCH2", 
      "ischeck": false,
      "firstname": "Vivian",
      "middlename": "L",
      "lastname": "Sylvester",
      "gender": "F",
      "status": "Active",
      "entryclass": "JSS 2C",
      "presentclass": "JSS 3C",
      "dob": "10/10/2000",
      "regdate": "25/04/2014",
      "homeaddress": "14 Abdullai Street, Makurdi",
      "parents": "Mr and Mrs Sylvester",
      "state": "Benue"
    },
    {
      "schoolid": "SCH2", 
      "ischeck": false,
      "firstname": "Venissa",
      "middlename": "S",
      "lastname": "Nyahkor",
      "gender": "F",
      "status": "Active",
      "entryclass": "JSS 2C",
      "presentclass": "JSS 3C",
      "dob": "21/06/2000",
      "regdate": "27/03/2014",
      "homeaddress": "17 Zion Street, Makurdi",
      "parents": "Mr and Mrs Nyahkor",
      "state": "Benue"
    },
    {
      "schoolid": "SCH2", 
      "ischeck": false,
      "firstname": "Jeremiah",
      "middlename": "B",
      "lastname": "John",
      "gender": "M",
      "status": "Active",
      "entryclass": "JSS 2A",
      "presentclass": "JSS 3C",
      "dob": "03/03/2000",
      "regdate": "07/07/2014",
      "homeaddress": "9 Itawilo street, Ijebu-Igbo",
      "parents": "Mr and Mrs Nyahkor",
      "state": "Ogun"
    },
    {
      "schoolid": "SCH2", 
      "ischeck": false,
      "firstname": "David",
      "middlename": "A",
      "lastname": "Olusanya",
      "gender": "M",
      "status": "Active",
      "entryclass": "JSS 2A",
      "presentclass": "JSS 3C",
      "dob": "01/11/2000",
      "regdate": "15/05/2014",
      "homeaddress": "12 Asa dam road, Ilorin",
      "parents": "Mr and Mrs Olusanya",
      "state": "Kwara"
    },
    {
      "schoolid": "SCH2", 
      "ischeck": false,
      "firstname": "Sinach",
      "middlename": "A",
      "lastname": "Ngoforo",
      "gender": "F",
      "status": "Active",
      "entryclass": "JSS 2A",
      "presentclass": "JSS 3C",
      "dob": "01/09/2000",
      "regdate": "01/10/2014",
      "homeaddress": "Pot 22 UI road, Ibadan",
      "parents": "Mr and Mrs Ngoforo",
      "state": "Oyo"
    },
    {
      "schoolid": "SCH2", 
      "ischeck": false,
      "firstname": "Temitope",
      "middlename": "B",
      "lastname": "Malomo",
      "gender": "M",
      "status": "Active",
      "entryclass": "JSS 2A",
      "presentclass": "JSS 3C",
      "dob": "01/08/2003",
      "regdate": "05/01/2014",
      "homeaddress": "KM6 Yahanna Madaki Road, Makurdi",
      "parents": "Mr and Mrs Malomo",
      "state": "Benue"
    },
    {
      "schoolid": "SCH2", 
      "ischeck": false,
      "firstname": "Victor",
      "middlename": "O",
      "lastname": "Israel",
      "gender": "M",
      "status": "Active",
      "entryclass": "JSS 1A",
      "presentclass": "SSS 2C",
      "dob": "01/10/2001",
      "regdate": "15/10/2014",
      "homeaddress": "Block 12A Owner Occupier Estate, Makurdi",
      "parents": "Mr and Mrs Israel",
      "state": "Benue"
    },
    {
      "schoolid": "SCH2", 
      "ischeck": false,
      "firstname": "Alice",
      "middlename": "S",
      "lastname": "Kwame",
      "gender": "F",
      "status": "Active",
      "entryclass": "JSS 1A",
      "presentclass": "SSS 2C",
      "dob": "01/12/2000",
      "regdate": "05/01/2014",
      "homeaddress": "11 Peter street, Makurdi",
      "parents": "Mr and Mrs Kwame",
      "state": "Benue"
    },
    {
      "schoolid": "SCH2", 
      "ischeck": false,
      "firstname": "Omoniyo",
      "middlename": "C",
      "lastname": "Alade",
      "gender": "F",
      "status": "Active",
      "entryclass": "JSS 1A",
      "presentclass": "SSS 2C",
      "dob": "01/10/2003",
      "regdate": "18/10/2014",
      "homeaddress": "14 Ijaw Street, Makurdi",
      "parents": "Mr and Mrs Alade",
      "state": "Benue"
    },
    {
      "schoolid": "SCH2", 
      "ischeck": false,
      "firstname": "Friday",
      "middlename": "A",
      "lastname": "Uwabunkeonye",
      "gender": "M",
      "status": "Active",
      "entryclass": "JSS 2C",
      "presentclass": "SSS 1C",
      "dob": "21/10/2001",
      "regdate": "05/10/2014",
      "homeaddress": "20 Cashim Ibrahim Road, Makurdi",
      "parents": "Mr and Mrs Uwabunkeonye",
      "state": "Benue"
    },
    {
      "schoolid": "SCH2", 
      "ischeck": false,
      "firstname": "Mustapha",
      "middlename": "B",
      "lastname": "Inusa",
      "gender": "M",
      "status": "Active",
      "entryclass": "JSS 1C",
      "presentclass": "SSS 2A",
      "dob": "01/04/2002",
      "regdate": "05/07/2014",
      "homeaddress": "32 Naka Road, Makurdi",
      "parents": "Mr and Mrs Inusa",
      "state": "Benue"
    },
    {
      "schoolid": "SCH2", 
      "ischeck": false,
      "firstname": "Michael",
      "middlename": "S",
      "lastname": "Elisha",
      "gender": "M",
      "status": "Active",
      "entryclass": "JSS 2C",
      "presentclass": "SSS 1C",
      "dob": "03/08/2000",
      "regdate": "05/08/2014",
      "homeaddress": "8 Nuj Road, Makurdi",
      "parents": "Mr and Mrs Elisha",
      "state": "Benue"
    },
    {
      "schoolid": "SCH2", 
      "ischeck": false,
      "firstname": "Adeyinka",
      "middlename": "A",
      "lastname": "Adefila",
      "gender": "M",
      "status": "Active",
      "entryclass": "JSS 2C",
      "presentclass": "SSS 1C",
      "dob": "11/11/2000",
      "regdate": "15/02/2014",
      "homeaddress": "Zone12 38 Nkwo Nnewi Market, Nnewi",
      "parents": "Mr and Mrs Adefila",
      "state": "Anambra"
    },
    {
      "schoolid": "SCH2", 
      "ischeck": false,
      "firstname": "Bola",
      "middlename": "F",
      "lastname": "Paul",
      "gender": "F",
      "status": "Active",
      "entryclass": "JSS 1C",
      "presentclass": "SSS 2A",
      "dob": "01/12/2003",
      "regdate": "25/01/2014",
      "homeaddress": "10 University Crescent, Ibadan",
      "parents": "Mr and Mrs Paul",
      "state": "Oyo"
    },
    {
      "schoolid": "SCH2", 
      "ischeck": false,
      "firstname": "Goodluck",
      "middlename": "A",
      "lastname": "Oluwanifemi",
      "gender": "M",
      "status": "Active",
      "entryclass": "JSS 2C",
      "presentclass": "SSS 1C",
      "dob": "10/10/2002",
      "regdate": "15/10/2014",
      "homeaddress": "27 Oke-Ejigbo street, Abeokuta",
      "parents": "Mr and Mrs Oluwanifemi",
      "state": "Ogun"
    },
    {
      "schoolid": "SCH2", 
      "ischeck": false,
      "firstname": "Ajayi",
      "middlename": "F",
      "lastname": "Samuel",
      "gender": "M",
      "status": "Active",
      "entryclass": "JSS 1C",
      "presentclass": "SSS 1B",
      "dob": "01/07/2000",
      "regdate": "05/02/2014",
      "homeaddress": "13 Olayinka Street, Osun",
      "parents": "Mr and Mrs Samuel",
      "state": "Oshogbo"
    },
    {
      "schoolid": "SCH2", 
      "ischeck": false,
      "firstname": "Nnaji",
      "middlename": "E",
      "lastname": "Chris",
      "gender": "F",
      "status": "Active",
      "entryclass": "JSS 2C",
      "presentclass": "SSS 3B",
      "dob": "02/06/2001",
      "regdate": "20/10/2014",
      "homeaddress": "32 Ring road, Benin",
      "parents": "Mr and Mrs Chris",
      "state": "Edo"
    },
    {
      "schoolid": "SCH2", 
      "ischeck": false,
      "firstname": "Muritadol",
      "middlename": "G",
      "lastname": "Alakatawee",
      "gender": "M",
      "status": "Active",
      "entryclass": "JSS 1C",
      "presentclass": "SSS 2B",
      "dob": "01/03/2004",
      "regdate": "95/01/2014",
      "homeaddress": "AS5 Kastina Road , Kaduna South",
      "parents": "Mr and Mrs Alakatawee",
      "state": "Kaduna"
    },
    {
      "schoolid": "SCH2", 
      "ischeck": false,
      "firstname": "Godwin",
      "middlename": "O",
      "lastname": "Reuben",
      "gender": "M",
      "status": "Active",
      "entryclass": "JSS 2C",
      "presentclass": "SSS 3B",
      "dob": "21/11/2000",
      "regdate": "25/09/2014",
      "homeaddress": "4 University Road, Tanke",
      "parents": "Mr and Mrs Reuben",
      "state": "Ilorin"
    },
    {
      "schoolid": "SCH2", 
      "ischeck": false,
      "firstname": "Halimat",
      "middlename": "A",
      "lastname": "Muhammad",
      "gender": "F",
      "status": "Active",
      "entryclass": "JSS 2C",
      "presentclass": "SSS 3A",
      "dob": "12/12/2001",
      "regdate": "30/05/2014",
      "homeaddress": "17 Sanrab Filling Station, Oke Odo",
      "parents": "Mr and Mrs Muhammad",
      "state": "kwara"
    },
    {
      "schoolid": "SCH2", 
      "ischeck": false,
      "firstname": "Onyekachi",
      "middlename": "S",
      "lastname": "Ogbonna",
      "gender": "F",
      "status": "Active",
      "entryclass": "JSS 2C",
      "presentclass": "SSS 3A",
      "dob": "01/11/2002",
      "regdate": "25/12/2014",
      "homeaddress": "22 Oja Oba Road, Ilorin",
      "parents": "Mr and Mrs Ogbonna",
      "state": "Kwara"
    },
    {
      "schoolid": "SCH2", 
      "ischeck": false,
      "firstname": "Godswill",
      "middlename": "P",
      "lastname": "Robinson",
      "gender": "M",
      "status": "Active",
      "entryclass": "JSS 1C",
      "presentclass": "SSS 2A",
      "dob": "01/07/2002",
      "regdate": "05/07/2014",
      "homeaddress": "Plo 108 Aba Owerri Road, Aba",
      "parents": "Mr and Mrs Robinson",
      "state": "Abia"
    },
    {
      "schoolid": "SCH2", 
      "ischeck": false,
      "firstname": "Justice",
      "middlename": "S",
      "lastname": "Ogbu",
      "gender": "F",
      "status": "Active",
      "entryclass": "JSS 1C",
      "presentclass": "SSS 2A",
      "dob": "01/10/2003",
      "regdate": "24/07/2014",
      "homeaddress": "18 Calabar road, Calabar",
      "parents": "Mr and Mrs Ogbu",
      "state": "Cross River"
    },
    {
      "schoolid": "SCH2", 
      "ischeck": false,
      "firstname": "Sunday",
      "middlename": "E",
      "lastname": "Owolabi",
      "gender": "M",
      "status": "Active",
      "entryclass": "JSS 2C",
      "presentclass": "SSS 3A",
      "dob": "12/11/2001",
      "regdate": "20/02/2014",
      "homeaddress": "08 PK Road, Aba",
      "parents": "Mr and Mrs Owolabi",
      "state": "Abia"
    },
    {
      "schoolid": "SCH2", 
      "ischeck": false,
      "firstname": "Faruq",
      "middlename": "R",
      "lastname": "Wale",
      "gender": "M",
      "status": "Active",
      "entryclass": "JSS 1C",
      "presentclass": "SSS 2B",
      "dob": "01/09/2002",
      "regdate": "07/10/2014",
      "homeaddress": "14 Oko-Oba road, Ogijo",
      "parents": "Mr and Mrs Wale",
      "state": "Ogun"
    },
    {
      "schoolid": "SCH2", 
      "ischeck": false,
      "firstname": "Mayowa",
      "middlename": "B",
      "lastname": "Ekundayo",
      "gender": "M",
      "status": "Active",
      "entryclass": "JSS 2C",
      "presentclass": "SSS 3B",
      "dob": "23/07/2000",
      "regdate": "25/03/2014",
      "homeaddress": "36 Ikot Epene Road, Aba North",
      "parents": "Mr and Mrs Ekundayo",
      "state": "Abia"
    },
    {
      "schoolid": "SCH2", 
      "ischeck": false,
      "firstname": "Olataye",
      "middlename": "C",
      "lastname": "Sherif",
      "gender": "F",
      "status": "Active",
      "entryclass": "JSS 1C",
      "presentclass": "SSS 2B",
      "dob": "14/07/2003",
      "regdate": "14/05/2014",
      "homeaddress": "3 Okwandu street, Aba",
      "parents": "Mr and Mrs Sherif",
      "state": "Abia"
    },
    {
      "schoolid": "SCH2", 
      "ischeck": false,
      "firstname": "Osai",
      "middlename": "A",
      "lastname": "Aloysius",
      "gender": "F",
      "status": "Active",
      "entryclass": "JSS 2C",
      "presentclass": "SSS 1A",
      "dob": "03/10/2002",
      "regdate": "05/10/2014",
      "homeaddress": "10 Uche Street, Aba",
      "parents": "Mr and Mrs Aloysius",
      "state": "Abia"
    },
    {
      "schoolid": "SCH2", 
      "ischeck": false,
      "firstname": "Azeez",
      "middlename": "N",
      "lastname": "Olaitan",
      "gender": "M",
      "status": "Inactive",
      "entryclass": "JSS 2C",
      "presentclass": "SSS 1A",
      "dob": "01/11/1999",
      "regdate": "06/10/2014",
      "homeaddress": "21 Omoba Road, Aba",
      "parents": "Mr and Mrs Olaitan",
      "state": "Abia"
    },
    {
      "schoolid": "SCH2", 
      "ischeck": false,
      "firstname": "Badson",
      "middlename": "F",
      "lastname": "Babatunde",
      "gender": "M",
      "status": "Active",
      "entryclass": "JSS 2C",
      "presentclass": "SSS 1A",
      "dob": "01/08/2001",
      "regdate": "21/04/2014",
      "homeaddress": "7 tenant Road, Aba",
      "parents": "Mr and Mrs Babatunde",
      "state": "Abia"
    },
    {
      "schoolid": "SCH2", 
      "ischeck": false,
      "firstname": "George",
      "middlename": "A",
      "lastname": "Francis",
      "gender": "M",
      "status": "Active",
      "entryclass": "JSS 1C",
      "presentclass": "SSS 1B",
      "dob": "30/10/2003",
      "regdate": "30/11/2014",
      "homeaddress": "2 Unity road, Ilorin",
      "parents": "Mr and Mrs Francis",
      "state": "Kwara"
    },
    {
      "schoolid": "SCH2", 
      "ischeck": false,
      "firstname": "Patrick",
      "middlename": "C",
      "lastname": "Christian",
      "gender": "F",
      "status": "Active",
      "entryclass": "JSS 2C",
      "presentclass": "SSS 1A",
      "dob": "01/03/2002",
      "regdate": "05/10/2014",
      "homeaddress": "10 Elie street, Abeokuta",
      "parents": "Mr and Mrs Christian",
      "state": "Ogun"
    },
    {
      "schoolid": "SCH2", 
      "ischeck": false,
      "firstname": "Simon",
      "middlename": "P",
      "lastname": "Timmy",
      "gender": "M",
      "status": "Active",
      "entryclass": "JSS 2C",
      "presentclass": "SSS 1A",
      "dob": "01/12/2003",
      "regdate": "15/10/2014",
      "homeaddress": "12 Umuoba Road, Aba",
      "parents": "Mr and Mrs Timmy",
      "state": "Abia"
    },
    {
      "schoolid": "SCH2", 
      "ischeck": false,
      "firstname": "Oluwatobi",
      "middlename": "G",
      "lastname": "Folaranmi",
      "gender": "M",
      "status": "Active",
      "entryclass": "JSS 1C",
      "presentclass": "SSS 2B",
      "dob": "21/10/2003",
      "regdate": "22/10/2014",
      "homeaddress": "25 Cameroon Road, Aba",
      "parents": "Mr and Mrs Folaranmi",
      "state": "Abia"
    },
    {
      "schoolid": "SCH2", 
      "ischeck": false,
      "firstname": "Tina",
      "middlename": "S",
      "lastname": "Akinbowale",
      "gender": "F",
      "status": "Active",
      "entryclass": "JSS 2C",
      "presentclass": "SSS 3B",
      "dob": "01/11/1999",
      "regdate": "05/02/2014",
      "homeaddress": "17 Moduroti street, Ijebu-Igbo",
      "parents": "Mr and Mrs Akinbowale",
      "state": "Ogun"
    },
    {
      "schoolid": "SCH2", 
      "ischeck": false,
      "firstname": "Giwa",
      "middlename": "C",
      "lastname": "Olafimihan",
      "gender": "M",
      "status": "Active",
      "entryclass": "JSS 2C",
      "presentclass": "SSS 3B",
      "dob": "01/01/2000",
      "regdate": "15/05/2014",
      "homeaddress": "11 Obafemi Awolowo way, Ibadan",
      "parents": "Mr and Mrs Olafimihan",
      "state": "Oyo"
    },
    {
      "schoolid": "SCH2", 
      "ischeck": false,
      "firstname": "Adebayo",
      "middlename": "B",
      "lastname": "Samuel",
      "gender": "M",
      "status": "Active",
      "entryclass": "JSS 1C",
      "presentclass": "SSS 2B",
      "dob": "01/10/2004",
      "regdate": "25/03/2014",
      "homeaddress": "8 Eastern Highway lane, Calabar",
      "parents": "Mr and Mrs Samuel",
      "state": "Cross River"
    },
    {
      "schoolid": "SCH2", 
      "ischeck": false,
      "firstname": "Adebayo",
      "middlename": "A",
      "lastname": "Gafar",
      "gender": "M",
      "status": "Active",
      "entryclass": "JSS 2C",
      "presentclass": "SSS 3B",
      "dob": "17/10/2000",
      "regdate": "18/02/2014",
      "homeaddress": "3 Elie street, Abeokuta",
      "parents": "Mr and Mrs Gafar",
      "state": "Anambra"
    },
    {
      "schoolid": "SCH2", 
      "ischeck": false,
      "firstname": "Uthman",
      "middlename": "N",
      "lastname": "Kuti",
      "gender": "M",
      "status": "Active",
      "entryclass": "JSS 2C",
      "presentclass": "SSS 3A",
      "dob": "01/08/2001",
      "regdate": "08/10/2014",
      "homeaddress": "1 Apena street, Abeokuta",
      "parents": "Mr and Mrs Kuti",
      "state": "Ogun"
    },
    {
      "schoolid": "SCH2", 
      "ischeck": false,
      "firstname": "Grace",
      "middlename": "C",
      "lastname": "Abikoye",
      "gender": "F",
      "status": "Active",
      "entryclass": "JSS 2C",
      "presentclass": "SSS 3A",
      "dob": "01/10/2001",
      "regdate": "13/11/2014",
      "homeaddress": "89 Pound Road, Aba",
      "parents": "Mr and Mrs Abikoye",
      "state": "Abia"
    },
    {
      "schoolid": "SCH2", 
      "ischeck": false,
      "firstname": "Augustine",
      "middlename": "B",
      "lastname": "Ukeme",
      "gender": "M",
      "status": "Active",
      "entryclass": "JSS 1C",
      "presentclass": "SSS 2A",
      "dob": "01/04/2003",
      "regdate": "25/06/2014",
      "homeaddress": "31 Bogobiri road, Calabar",
      "parents": "Mr and Mrs Ukeme",
      "state": "Cross River"
    },
    {
      "schoolid": "SCH2", 
      "ischeck": false,
      "firstname": "Clement",
      "middlename": "P",
      "lastname": "Durojaye",
      "gender": "M",
      "status": "Active",
      "entryclass": "JSS 2C",
      "presentclass": "SSS 3A",
      "dob": "21/08/2002",
      "regdate": "20/11/2014",
      "homeaddress": "9 Marina road, Lagos ISland",
      "parents": "Mr and Mrs Durojaye",
      "state": "Lagos"
    },
    {
      "schoolid": "SCH2", 
      "ischeck": false,
      "firstname": "Tajudeen",
      "middlename": "B",
      "lastname": "Alase",
      "gender": "M",
      "status": "Active",
      "entryclass": "JSS 1C",
      "presentclass": "SSS 2A",
      "dob": "01/01/2002",
      "regdate": "15/10/2014",
      "homeaddress": "4 Airport road, Benin",
      "parents": "Mr and Mrs Alase",
      "state": "Edo"
    },
    {
      "schoolid": "SCH2", 
      "ischeck": false,
      "firstname": "Alex",
      "middlename": "E",
      "lastname": "George",
      "gender": "M",
      "status": "Active",
      "entryclass": "JSS 2C",
      "presentclass": "SSS 3B",
      "dob": "03/03/2000",
      "regdate": "25/10/2014",
      "homeaddress": "13 Okin Close, Anthony",
      "parents": "Mr and Mrs George",
      "state": "Lagos"
    },
    {
      "schoolid": "SCH2", 
      "ischeck": false,
      "firstname": "Habibat",
      "middlename": "S",
      "lastname": "Salihu",
      "gender": "F",
      "status": "Active",
      "entryclass": "JSS 2B",
      "presentclass": "SSS 3B",
      "dob": "01/10/2002",
      "regdate": "02/10/2014",
      "homeaddress": "7 Mozabiq Cresent, Kaduna South",
      "parents": "Mr and Mrs Salihu",
      "state": "Kaduna"
    },
    {
      "schoolid": "SCH2", 
      "ischeck": false,
      "firstname": "Aisha",
      "middlename": "V",
      "lastname": "Salaudeen",
      "gender": "F",
      "status": "Active",
      "entryclass": "JSS 1B",
      "presentclass": "SSS 2B",
      "dob": "01/11/2003",
      "regdate": "23/12/2014",
      "homeaddress": "20 Nasarawa Road, Industrial Area",
      "parents": "Mr and Mrs Salaudeen",
      "state": "Kaduna"
    },
    {
      "schoolid": "SCH2", 
      "ischeck": false,
      "firstname": "Dayo",
      "middlename": "B",
      "lastname": "Sulyman",
      "gender": "M",
      "status": "Active",
      "entryclass": "JSS 2B",
      "presentclass": "SSS 3B",
      "dob": "01/10/2002",
      "regdate": "02/08/2014",
      "homeaddress": "38 Emir Njoku Rosd, Ibemoha",
      "parents": "Mr and Mrs Sulyman",
      "state": "Abia"
    },
    {
      "schoolid": "SCH2", 
      "ischeck": false,
      "firstname": "Joel",
      "middlename": "L",
      "lastname": "Udoka",
      "gender": "M",
      "status": "Inactive",
      "entryclass": "JSS 1C",
      "presentclass": "SSS 2A",
      "dob": "01/05/2004",
      "regdate": "15/10/2014",
      "homeaddress": "33 Uwuruka Road, Ngwa North",
      "parents": "Mr and Mrs Udoka",
      "state": "Abia"
    },
    {
      "schoolid": "SCH2", 
      "ischeck": false,
      "firstname": "Idris",
      "middlename": "S",
      "lastname": "Nadabo",
      "gender": "F",
      "status": "Active",
      "entryclass": "JSS 2C",
      "presentclass": "SSS 3A",
      "dob": "01/12/2001",
      "regdate": "11/10/2014",
      "homeaddress": "2 Ojike Lane, Aba",
      "parents": "Mr and Mrs Nadabo",
      "state": "Abia"
    },
    {
      "schoolid": "SCH2", 
      "ischeck": false,
      "firstname": "Rafiu",
      "middlename": "B",
      "lastname": "Olaide",
      "gender": "M",
      "status": "Active",
      "entryclass": "JSS 2C",
      "presentclass": "SSS 3A",
      "dob": "01/04/2000",
      "regdate": "05/05/2014",
      "homeaddress": "32 St. Finbars road, Akoka",
      "parents": "Mr and Mrs Olaide",
      "state": "Lagos"
    },
    {
      "schoolid": "SCH2", 
      "ischeck": false,
      "firstname": "Eucharia",
      "middlename": "O",
      "lastname": "Emeruwa",
      "gender": "F",
      "status": "Active",
      "entryclass": "JSS 2B",
      "presentclass": "SSS 3A",
      "dob": "01/01/2000",
      "regdate": "02/10/2014",
      "homeaddress": "7 Sanyo area, Ibadan",
      "parents": "Mr and Mrs Emeruwa",
      "state": "Oyo"
    },
    {
      "schoolid": "SCH2", 
      "ischeck": false,
      "firstname": "Tony",
      "middlename": "A",
      "lastname": "Emmanuel",
      "gender": "M",
      "status": "Active",
      "entryclass": "JSS 1B",
      "presentclass": "SSS 2A",
      "dob": "01/10/2001",
      "regdate": "25/11/2014",
      "homeaddress": "26 Omengboji Avenue, Aba",
      "parents": "Mr and Mrs Emmanuel",
      "state": "Abia"
    },
    {
      "schoolid": "SCH2", 
      "ischeck": false,
      "firstname": "Sandra",
      "middlename": "C",
      "lastname": "Osubiyi",
      "gender": "F",
      "status": "Active",
      "entryclass": "JSS 2B",
      "presentclass": "SSS 3A",
      "dob": "01/07/2001",
      "regdate": "07/10/2014",
      "homeaddress": "9 Ekot Epene road, Uyo",
      "parents": "Mr and Mrs Osubiyi",
      "state": "Akwa Ibom"
    },
    {
      "schoolid": "SCH2", 
      "ischeck": false,
      "firstname": "Oluwafemi",
      "middlename": "T",
      "lastname": "Durojaiye",
      "gender": "M",
      "status": "Active",
      "entryclass": "JSS 2B",
      "presentclass": "SSS 3A",
      "dob": "18/03/2000",
      "regdate": "18/05/2014",
      "homeaddress": "12 Factory Road, Aba",
      "parents": "Mr and Mrs Durojaiye",
      "state": "Abia"
    },
    {
      "schoolid": "SCH2", 
      "ischeck": false,
      "firstname": "Joshua",
      "middlename": "D",
      "lastname": "Aminu",
      "gender": "M",
      "status": "Active",
      "entryclass": "JSS 1B",
      "presentclass": "SSS 2A",
      "dob": "01/02/2003",
      "regdate": "02/10/2014",
      "homeaddress": "7 Ngoji Street, Aba",
      "parents": "Mr and Mrs Aminu",
      "state": "Abia"
    },
    {
      "schoolid": "SCH2", 
      "ischeck": false,
      "firstname": "Adebayo",
      "middlename": "B",
      "lastname": "Alade",
      "gender": "M",
      "status": "Active",
      "entryclass": "JSS 1B",
      "presentclass": "SSS 2B",
      "dob": "01/05/2002",
      "regdate": "16/01/2014",
      "homeaddress": "18 Airport road, Benin",
      "parents": "Mr and Mrs Alade",
      "state": "Edo"
    },
    {
      "schoolid": "SCH2", 
      "ischeck": false,
      "firstname": "Bode",
      "middlename": "A",
      "lastname": "Thomus",
      "gender": "M",
      "status": "Active",
      "entryclass": "JSS 2B",
      "presentclass": "SSS 3B",
      "dob": "01/03/2000",
      "regdate": "03/10/2014",
      "homeaddress": "84 Clifford Way, Aba",
      "parents": "Mr and Mrs Thomus",
      "state": "Abia"
    },
    {
      "schoolid": "SCH2", 
      "ischeck": false,
      "firstname": "Lovelyn",
      "middlename": "D",
      "lastname": "Igbile",
      "gender": "F",
      "status": "Active",
      "entryclass": "JSS 2B",
      "presentclass": "SSS 3B",
      "dob": "05/03/2000",
      "regdate": "23/07/2014",
      "homeaddress": "9 Araromi street, Mende",
      "parents": "Mr and Mrs Igbile",
      "state": "Lagos"
    },
    {
      "schoolid": "SCH2", 
      "ischeck": false,
      "firstname": "Adedayo",
      "middlename": "A",
      "lastname": "Lawal",
      "gender": "M",
      "status": "Active",
      "entryclass": "JSS 2B",
      "presentclass": "SSS 3B",
      "dob": "19/11/2000",
      "regdate": "19/10/2014",
      "homeaddress": "13 Teseyin street, Ijebu-Igbo",
      "parents": "Mr and Mrs Lawal",
      "state": "Ogun"
    },
    {
      "schoolid": "SCH2", 
      "ischeck": false,
      "firstname": "Sefunmi",
      "middlename": "V",
      "lastname": "Tiamiyu",
      "gender": "F",
      "status": "Active",
      "entryclass": "JSS 2A",
      "presentclass": "SSS 3A",
      "dob": "01/10/2001",
      "regdate": "08/09/2014",
      "homeaddress": "105 Market Road, Aba",
      "parents": "Mr and Mrs Tiamiyu",
      "state": "Abia"
    },
    {
      "schoolid": "SCH2", 
      "ischeck": false,
      "firstname": "Oluwaseyi",
      "middlename": "M",
      "lastname": "Salami",
      "gender": "F",
      "status": "Active",
      "entryclass": "JSS 1A",
      "presentclass": "SSS 2A",
      "dob": "04/10/2004",
      "regdate": "25/10/2014",
      "homeaddress": "90 Jubili Road, Aba",
      "parents": "Mr and Mrs Salami",
      "state": "Abia"
    },
    {
      "schoolid": "SCH2", 
      "ischeck": false,
      "firstname": "Victor",
      "middlename": "P",
      "lastname": "Ugbeje",
      "gender": "M",
      "status": "Active",
      "entryclass": "JSS 2A",
      "presentclass": "SSS 3A",
      "dob": "21/08/2000",
      "regdate": "29/11/2014",
      "homeaddress": "8 Okungade street, Mende",
      "parents": "Mr and Mrs Ugbeje",
      "state": "Lagos"
    },
    {
      "schoolid": "SCH2", 
      "ischeck": false,
      "firstname": "Lekan",
      "middlename": "O",
      "lastname": "Adeniran",
      "gender": "M",
      "status": "Active",
      "entryclass": "JSS 3A",
      "presentclass": "SSS 3A",
      "dob": "01/08/2000",
      "regdate": "20/01/2015",
      "homeaddress": "KM 21 Lagos Ibadan express way, Abeokuta south",
      "parents": "Mr and Mrs Adeniran",
      "state": "Ogun"
    },
    {
      "schoolid": "SCH2", 
      "ischeck": false,
      "firstname": "Ayomide",
      "middlename": "A",
      "lastname": "Adeboyega",
      "gender": "F",
      "status": "Active",
      "entryclass": "JSS 3A",
      "presentclass": "SSS 3A",
      "dob": "08/08/2001",
      "regdate": "20/11/2015",
      "homeaddress": "16 Dina street, Ogba",
      "parents": "Mr and Mrs Adeboyega",
      "state": "Lagos"
    },
    {
      "schoolid": "SCH2", 
      "ischeck": false,
      "firstname": "John",
      "middlename": "N",
      "lastname": "Akwa",
      "gender": "M",
      "status": "Active",
      "entryclass": "JSS 3A",
      "presentclass": "SSS 3A",
      "dob": "01/08/2002",
      "regdate": "24/03/2015",
      "homeaddress": "55 Goldie street, Calabar",
      "parents": "Mr and Mrs Akwa",
      "state": "Cross River"
    },
    {
      "schoolid": "SCH2", 
      "ischeck": false,
      "firstname": "Ikechi",
      "middlename": "C",
      "lastname": "Anosike",
      "gender": "F",
      "status": "Active",
      "entryclass": "JSS 3A",
      "presentclass": "SSS 3A",
      "dob": "21/08/2001",
      "regdate": "03/01/2015",
      "homeaddress": "74 Faulks Road, Aba",
      "parents": "Mr and Mrs Anosike",
      "state": "Abia"
    },
    {
      "schoolid": "SCH2", 
      "ischeck": false,
      "firstname": "Patience",
      "middlename": "F",
      "lastname": "Nwani",
      "gender": "F",
      "status": "Active",
      "entryclass": "JSS 3A",
      "presentclass": "SSS 3B",
      "dob": "01/02/2000",
      "regdate": "13/03/2015",
      "homeaddress": "7 Osunhwo Street, Aba",
      "parents": "Mr and Mrs Nwani",
      "state": "Abia"
    },
    {
      "schoolid": "SCH2", 
      "ischeck": false,
      "firstname": "Yewande",
      "middlename": "G",
      "lastname": "Omotosho",
      "gender": "F",
      "status": "Active",
      "entryclass": "JSS 3A",
      "presentclass": "SSS 3B",
      "dob": "01/06/1999",
      "regdate": "24/04/2015",
      "homeaddress": "18 New Ife road, Ibadan",
      "parents": "Mr and Mrs Omotosho",
      "state": "Oyo"
    },
    {
      "schoolid": "SCH2", 
      "ischeck": false,
      "firstname": "Titilope",
      "middlename": "O",
      "lastname": "Coker",
      "gender": "F",
      "status": "Active",
      "entryclass": "JSS 3A",
      "presentclass": "SSS 3B",
      "dob": "01/01/2002",
      "regdate": "03/01/2015",
      "homeaddress": "33 Saint Micheal Road, Aba",
      "parents": "Mr and Mrs Coker",
      "state": "Abia"
    },
    {
      "schoolid": "SCH2", 
      "ischeck": false,
      "firstname": "Adejoke",
      "middlename": "A",
      "lastname": "Adedoyin",
      "gender": "F",
      "status": "Active",
      "entryclass": "JSS 3A",
      "presentclass": "SSS 1A",
      "dob": "03/08/2002",
      "regdate": "20/09/2015",
      "homeaddress": "14 Gankobi road, Ilorin",
      "parents": "Mr and Mrs Adedoyin",
      "state": "Kwara"
    },
    {
      "schoolid": "SCH2", 
      "ischeck": false,
      "firstname": "Jide",
      "middlename": "P",
      "lastname": "Fashugba",
      "gender": "M",
      "status": "Active",
      "entryclass": "JSS 3A",
      "presentclass": "SSS 1A",
      "dob": "04/04/2002",
      "regdate": "05/02/2015",
      "homeaddress": "45 Ladipo Street, Ladipo",
      "parents": "Mr and Mrs Fashugba",
      "state": "Lagos"
    },
    {
      "schoolid": "SCH2", 
      "ischeck": false,
      "firstname": "Adeola",
      "middlename": "A",
      "lastname": "Adebiyi",
      "gender": "F",
      "status": "Active",
      "entryclass": "JSS 1A",
      "presentclass": "SSS 1C",
      "dob": "01/11/2003",
      "regdate": "01/02/2015",
      "homeaddress": "5 Sikiru Otunba Street, Mazamaza",
      "parents": "Mr and Mrs Adeniran",
      "state": "Lagos"
    },
    {
      "schoolid": "SCH2", 
      "ischeck": false,
      "firstname": "Emmanuel",
      "middlename": "A",
      "lastname": "Imukoro",
      "gender": "M",
      "status": "Active",
      "entryclass": "JSS 1A",
      "presentclass": "SSS 1C",
      "dob": "01/10/2004",
      "regdate": "11/02/2015",
      "homeaddress": "1A Ogba Ijaye Road, Ogba",
      "parents":"Mr and Mrs Imukoro",
      "state": "Lagos"
    },
    {
      "schoolid": "SCH2", 
      "ischeck": false,
      "firstname": "Adedotun",
      "middlename": "D",
      "lastname": "Kelani",
      "gender": "M",
      "status": "Active",
      "entryclass":"JSS 1A",
      "presentclass": "SSS 1C",
      "dob": "01/02/2005",
      "regdate": "23/06/2015",
      "homeaddress": "21A Ogudu Road, Ojota",
      "parents": "Mr and Mrs Kelani",
      "state": "Lagos"
    },
    { 
      "schoolid": "SCH2", 
      "ischeck": false,
      "firstname": "Michael",
      "middlename": "Y",
      "lastname": "Akinwolire",
      "gender": "F",
      "status": "Active",
      "entryclass": "JSS 1A",
      "presentclass": "SSS 1C",
      "dob": "01/11/2002",
      "regdate": "11/03/2015",
      "homeaddress": "12 Akerele Close, Iju",
      "parents": "Mr and Mrs Akinwolire",
      "state": "Lagos"
    },
    {
      "schoolid": "SCH2", 
      "ischeck": false,
      "firstname": "hope",
      "middlename": "E",
      "lastname": "Imeh",
      "gender": "F",
      "status": "Active",
      "entryclass": "JSS 1A",
      "presentclass": "SSS 1C",
      "dob": "18/11/2004",
      "regdate": "13/09/2015",
      "homeaddress": "16 Ojuelegba Road, Teju Osho",
      "parents": "Mr and Mrs Imeh",
      "state": "Lagos"
    },
    {
      "schoolid": "SCH2", 
      "ischeck": false,
      "firstname": "Zainab",
      "middlename": "A",
      "lastname": "Motunrayo",
      "gender": "F",
      "status": "Active",
      "entryclass": "JSS 1A",
      "presentclass": "SSS 1C",
      "dob": "07/09/2003",
      "regdate": "21/03/2015",
      "homeaddress": "23 Alhaji Owokoniran Street, Orile Koka",
      "parents": "Mr and Mrs Motunrayo",
      "state": "Lagos"
    },
    {
      "schoolid": "SCH2", 
      "ischeck": false,
      "firstname": "Riches",
      "middlename": "R",
      "lastname": "Sunday",
      "gender": "F",
      "status": "Active",
      "entryclass": "JSS 1A",
      "presentclass": "SSS 1B",
      "dob": "01/01/2004",
      "regdate": "03/10/2015",
      "homeaddress": "Plot2 Bakare Street, Songo Otta",
      "parents": "Mr and Mrs Sunday",
      "state": "Lagos"
    },
    {
      "schoolid": "SCH2", 
      "ischeck": false,
      "firstname": "Eddy",
      "middlename": "K",
      "lastname": "Fletcher",
      "gender": "M",
      "status": "Active",
      "entryclass": "JSS 1A",
      "presentclass": "SSS 1B",
      "dob": "18/08/2003",
      "regdate": "11/02/2015",
      "homeaddress": "17 Adebowale Tade Street, Maryland",
      "parents": "Mr and Mrs Fletcher",
      "state": "Lagos"
    },
    {
      "schoolid": "SCH2", 
      "ischeck": false,
      "firstname": "Gospel",
      "middlename": "S",
      "lastname": "Bassey",
      "gender": "M",
      "status": "Active",
      "entryclass": "JSS 1C",
      "presentclass": "SSS 1B",
      "dob": "15/04/2001",
      "regdate": "09/06/2015",
      "homeaddress": "11 Olabode Close, Ilupeju",
      "parents": "Mr and Mrs Bassey",
      "state": "Lagos"
    },
    {
      "schoolid": "SCH2", 
      "ischeck": false,
      "firstname": "Dennis",
      "middlename": "A",
      "lastname": "Bright",
      "gender": "M",
      "status": "Active",
      "entryclass": "JSS 1C",
      "presentclass": "SSS 1B",
      "dob": "21/11/2002",
      "regdate": "01/03/2015",
      "homeaddress": "10 Freeman Street, Ebute Meta",
      "parents": "Mr and Mrs Bright",
      "state": "Lagos"
    },
    {
      "schoolid": "SCH2", 
      "ischeck": false,
      "firstname": "Romanus",
      "middlename": "R",
      "lastname": "Omoh",
      "gender": "M",
      "status": "Active",
      "entryclass": "JSS 1C",
      "presentclass": "SSS 1B",
      "dob": "01/08/2003",
      "regdate": "08/02/2015",
      "homeaddress": "13 Iperu Ogere road, Ogere Remo",
      "parents": "Mr and Mrs Omoh",
      "state": "Ogun"
    }
  ]