[
  {
    "schoolid": "SCH1",
    "termid": "term1",
    "year": "2015",
    "startdate": "8/31/2015",
    "enddate": "12/15/2015",
    "holidays": [
        {
            "holiday": "Independence day",
            "date": "10/1/2015"
        },
        {
            "holiday": "Teachers’ day",
            "date": "10/5/2015"
        },
        {
            "holiday": "Mid-term break",
            "date": "10/15/2015"
        },
        {
            "holiday": "Mid-term break holiday",
            "date": "10/16/2015"
        }
    ]
  },
  {
    "schoolid": "SCH1",
    "termid": "term2",
    "year": "2016",
    "startdate": "1/11/2016",
    "enddate": "4/08/2016",
    "holidays": [
        {
            "holiday": "Mid-term break",
            "date": "3/3/2016"
        },
        {
            "holiday": "Mid-term break holiday",
            "date": "3/4/2016"
        },
        {
            "holiday": "Good Friday",
            "date": "3/25/2016"
        },
        {
            "holiday": "Easter Monday",
            "date": "3/28/2016"
        }
    ]
  },
  {
    "schoolid": "SCH1",
    "termid": "term3",
    "year": "2016",
    "startdate": "4/18/2016",
    "enddate": "7/15/2016",
    "holidays": [
        {
            "holiday": "Workers’ day",
            "date": "5/1/2016"
        },
        {
            "holiday": "Workers’ day holiday",
            "date": "5/2/2016"
        },
        {
            "holiday": "Children’s day",
            "date": "5/27/2016"
        },
        {
            "holiday": "Democracy day",
            "date": "5/29/2016"
        },
        {
            "holiday": "Democracy day holiday",
            "date": "5/2/2016"
        },
        {
            "holiday": "Mid-term break",
            "date": "6/2/2016"
        },
        {
            "holiday": "Mid-term break holiday",
            "date": "6/3/2016"
        },
        {
            "holiday": "Eid el Fitr",
            "date": "7/5/2016"
        },
        {
            "holiday": "Eid el Fitr holiday",
            "date": "7/6/2016"
        }
    ]
  },
  {
    "schoolid": "SCH1",
    "termid": "term1",
    "year": "2016",
    "startdate": "9/12/2016",
    "enddate": "12/16/2016",
    "holidays": [
        {
            "holiday": "Independence day",
            "date": "10/1/2015"
        },
        {
            "holiday": "Independence day holiday",
            "date": "10/2/2016"
        },
        {
            "holiday": "Teachers’ day",
            "date": "10/5/2016"
        },
        {
            "holiday": "Mid-term break",
            "date": "10/20/2016"
        },
        {
            "holiday": "Mid-term break holiday",
            "date": "10/21/2016"
        },
        {
            "holiday": "Eid el Maulud",
            "date": "12/12/2016"
        }
    ]
  },
  {
    "schoolid": "SCH1",
    "termid": "term2",
    "year": "2017",
    "startdate": "1/9/2017",
    "enddate": "4/7/2017",
    "holidays": [
        {
            "holiday": "Mid-term break",
            "date": "2/23/2017"
        },
        {
            "holiday": "Mid-term break holiday",
            "date": "2/24/2017"
        }
    ]
  },
  {
    "schoolid": "SCH1",
    "termid": "term3",
    "year": "2017",
    "startdate": "4/24/2017",
    "enddate": "7/21/2017",
    "holidays": [
        {
            "holiday": "Workers’ day",
            "date": "5/1/2017"
        },
        {
            "holiday": "Children’s day",
            "date": "5/27/2017"
        },
        {
            "holiday": "Democracy day",
            "date": "5/29/2017"
        },
        {
            "holiday": "Mid-term break",
            "date": "6/8/2017"
        },
        {
            "holiday": "Mid-term break holiday",
            "date": "6/9/2017"
        },
        {
            "holiday": "Eid el Fitr",
            "date": "6/26/2017"
        },
        {
            "holiday": "Eid el Fitr holiday",
            "date": "6/27/2017"
        }
    ]
  },
  {
    "schoolid": "SCH1",
    "termid": "term1",
    "year": "2017",
    "startdate": "9/4/2017",
    "enddate": "12/15/2017",
    "holidays": [
        {
            "holiday": "Independence day",
            "date": "10/1/2017"
        },
        {
            "holiday": "Independence day holiday",
            "date": "10/2/2017"
        },
        {
            "holiday": "Teachers’ day",
            "date": "10/5/2017"
        },
        {
            "holiday": "Mid-term break",
            "date": "10/19/2017"
        },
        {
            "holiday": "Mid-term break holiday",
            "date": "10/20/2017"
        }
    ]
  },
  {
    "schoolid": "SCH1",
    "termid": "term2",
    "year": "2018",
    "startdate": "1/8/2018",
    "enddate": "4/9/2018",
    "holidays": [
        {
            "holiday": "Mid-term break",
            "date": "2/22/2018"
        },
        {
            "holiday": "Mid-term break holiday",
            "date": "2/23/2018"
        },
        {
            "holiday": "Good Friday",
            "date": "3/30/2018"
        },
        {
            "holiday": "Easter Monday",
            "date": "4/2/2018"
        }
    ]
  },
  {
    "schoolid": "SCH1",
    "termid": "term3",
    "year": "2018",
    "startdate": "4/23/2018",
    "enddate": "7/20/2018",
    "holidays": [
        {
            "holiday": "Workers’ day",
            "date": "5/1/2018"
        },
        {
            "holiday": "Children’s day",
            "date": "5/27/2018"
        },
        {
            "holiday": "Children’s day holiday",
            "date": "5/28/2018"
        },
        {
            "holiday": "Democracy day",
            "date": "5/29/2018"
        },
        {
            "holiday": "Mid-term break",
            "date": "6/1/2018"
        },
        {
            "holiday": "Mid-term break holiday",
            "date": "6/4/2018"
        },
        {
            "holiday": "Eid el Fitr",
            "date": "6/15/2018"
        },
        {
            "holiday": "Eid el Fitr holiday",
            "date": "6/18/2018"
        }
    ]
  }
]