{
  "$class": "Content",
  "id": "pacific_nw_adventure",
  "type": "trip",
  "$externalContent": [
    "hike_with_a_local",
    "fpo_experience_1",
    "fpo_extra_1",
    "fpo_extra_2"
  ],
  "title": "Pacific Northwest Adventure",
  "splash_background": [],
  "selector_tile_photo": [
    {
      "$class": "ContentAsset",
      "name": "FPO430x640.jpg",
      "description": null,
      "url": "https://assets.kenticocloud.com:443/7ff6c7a3-1d96-446c-8df4-c07bcb7f7986/ebd32b8d-bbac-4de7-ae98-38d2e19e5459/FPO430x640.jpg"
    }
  ],
  "trip_category": "nature",
  "keywords": [
    "outdoor",
    "nature",
    "adventure"
  ],
  "duration": 5,
  "budget": 4,
  "estimated_costs": 1200,
  "curated_by": [
    {
      "$class": "Content",
      "id": "jeremy_jauncey",
      "type": "ambassador",
      "name": "Jeremy Jauncey",
      "avatar": [
        {
          "$class": "ContentAsset",
          "name": "avatar-jeremy.jpg",
          "description": null,
          "url": "https://assets.kenticocloud.com:443/7ff6c7a3-1d96-446c-8df4-c07bcb7f7986/e09c81e7-9adb-446c-9693-5ccde453f55d/avatar-jeremy.jpg"
        }
      ]
    }
  ],
  "accommodations": [],
  "itinerary": [],
  "itinerary_intro": "",
  "details___intro": "Take a trip to the peaceful PNW to explore Seattle’s unique culture and the majestic mountains surround it.",
  "details___highlights": "Trip Highlights: Rainforest Hikes | Craft Beer | Adventure",
  "daily_itineraries": [
    {
      "$class": "Content",
      "id": "day_1__fly_to_seattle",
      "type": "daily_itinerary",
      "title": "Day 1: Fly to Seattle",
      "info": "Seattle is comprised of some unique neighborhoods, each with its own, unique vibe.",
      "estimate_airfare": 120,
      "estimate_stay": null,
      "experiences": [],
      "extras": []
    },
    {
      "$class": "Content",
      "id": "day_2_3___mt__rainer_national_park",
      "type": "daily_itinerary",
      "title": "Day 2-3 : Mt. Rainer National Park",
      "info": "The highest point in the park reachable by car, visitors can admire Rainier and other nearby volcanoes, including Mount Adams",
      "estimate_airfare": null,
      "estimate_stay": 96,
      "experiences": [
        {
          "$class": "ExternalContent",
          "id": "hike_with_a_local"
        },
        {
          "$class": "ExternalContent",
          "id": "fpo_experience_1"
        }
      ],
      "extras": [
        {
          "$class": "ExternalContent",
          "id": "fpo_extra_1"
        },
        {
          "$class": "ExternalContent",
          "id": "fpo_extra_2"
        }
      ]
    },
    {
      "$class": "Content",
      "id": "day_4_5___olympic_national_park",
      "type": "daily_itinerary",
      "title": "Day 4-5 : Olympic National Park",
      "info": "Seattle is comprised of some unique neighborhoods, each with its own, unique vibe.",
      "estimate_airfare": 120,
      "estimate_stay": null,
      "experiences": [],
      "extras": []
    }
  ]
}